Id;Name
;%B4295166332246287^IvxyghoJxegbj^37039442566?7
;%B4271156455426551^QafohcgOgwwqy^5806935941?1
;%B3121945557263642^DetrmglPvvopj^4001368433?4
;%B1510393988220652^WcskemvNnjigc^6211677914?1
;%B6267205561285735^LwamljeGcxrre^62046691706?1
;%B3486590865581358^NycofrmJauwkc^04097256624?9
;%B8997136867078794^UcrnflyUxkhxd^8302206396?7
;%B3832497740241627^LvclpfhRsdiln^98098333?2
;%B1166375071772347^YnjzhayEghvwv^8005879237?5
;%B6261776827076892^UqbbinqHrqwce^3707599383?2
;%B6062778665673892^TjkilleYcolrh^0708581112?9
;%B7536593869298227^TgpqivoXtmoux^3810621887? 
;%B2398270745746161^QnpksmwHftmpy^82022475018?6
;%B8450671234138293^BvxxiefPypfsq^14047589?9
;%B9335102613284783^DloibgaXmajys^9711957529?6
;%B5138839411685635^WhwxxrdRyuywz^09029047634?3
;%B2899222862788823^MyvctqgMuqxyv^18045266865?9
;%B6961953572141651^VhtsgptYrnyld^26052982?8
;%B8655305675185451^SviqpguQczeej^67092881?1
;%B7279790775268718^NbjxrslDinjex^3006384766?1
;%B4740027991081786^PhyhrgsUqkwnc^3110871333?4
;%B2981210150424318^CldkrhsOsbioi^1505387439?2
;%B5491352683725985^RdaxjxiPznheg^40024821?2
;%B6945132314581317^QlxsmubLynezv^5205415268?5
;%B7375058871375113^LhiydvxBtjdfz^7411706703? 
;%B7455432826767206^TowrpdwYqkred^94074388489?6
;%B8303114162452499^NqyfgynXoseep^7309830979?8
;%B2117854378928390^TxvdofqUgbbxf^0503563660?5
;%B5202952524191731^MolfybwHrvbcj^28077064648?1
;%B8116451224513335^SrgnovmGcbqho^6011167728?2
;%B5622872880595939^HgmfnzrLcfigp^1602587349?1
;%B4511226805629220^LmqudxgKisfzv^23128672664?7
;%B8190583365464431^XtzivqbFgnjas^01044603?2
;%B4686771925347523^YqydlvmBdgfcg^02026113513?5
;%B4772416555218824^UduxdcoDnxkok^4411200697?4
;%B5475815836031538^QeirlfeMtskej^2604621195?2
;%B7691621353644086^XwusrfmLctznx^2302274590? 
;%B2131187441757128^SnveuhwAvqeei^28048468?2
;%B4484527624398620^JrcusacNnztvo^2108956415?4
;%B9711241890067366^SkcfinzWnjqdb^13115427715?6
;%B2602396956954977^GwpcqjoVkylqr^45108417?3
;%B5939724280407663^KoftznbBygmqu^0703457441?8
;%B5073824762191899^WickulfGunsra^9107530212?8
;%B4393684662754437^NidkhshUvehws^8008198855?5
;%B7150584355793343^IknjsfrWdfour^6607368128?1
;%B2669728754912057^TfqbdjcIhiicj^28102607?5
;%B8547045361319155^MyittcgJbxyle^26118107907?2
;%B9551109987802759^RbksdjzOuxajm^0808332112?1
;%B9806586625203969^BneklqdSyhkru^15035947?5
;%B2663513564762641^KeneszeQfpexq^6703967548?3
;%B3382136517835275^SbodorpHckrmk^4011449521?2
;%B8423309317142263^EyihllwSqwmic^7311784486?4
;%B7827652480055743^OdtioejObrxwa^7408596984?6
;%B1460484655755086^MilninbAyrxvi^2102493583?1
;%B4573345568367445^DohpteiMqjdkw^7405220922?7
;%B1634819315483749^QnlrckuGndfmn^1210450148?1
;%B6598159444801746^CvcdivxAgvrql^75125115025?8
;%B1218956838696625^JgjhihjYabpyu^2201434579?8
;%B8188207732621612^QcuiyuyKerkrh^6708536543?6
;%B5108428950885142^IiwuxijDcuhfo^48102445?2
;%B8951030859144055^EjjqpmgEkeiww^6106989611?4
;%B7437283862073878^EntehgfJzrvvu^56052303?3
;%B5676736522948856^GtgevzjTogmxj^57054007?5
;%B5658709408927557^SsybhmmYmygjd^87082882159?4
;%B7368640577533968^KwlonlhFmcqgn^81095974?1
;%B4138429368744523^HhiiahkAvngku^4907916295?5
;%B2754992295114516^FzurlrpCvdkhr^50046636?4
;%B6789296172162417^LhtxgyuZsmdvq^93091518?5
;%B2541067611726340^ZnkpnsoCrrvqg^44073821224?8
;%B6738649402247945^WannpnaTzlwhv^6807224763?5
;%B5742336310807167^RnremogRloftx^50024694?3
;%B5175704761774974^PmqjmmfKqjzvt^01091762?2
;%B8226787964357532^BeyyrphXldsqk^54015745505?1
;%B5850436465338547^PjbndkzHvobux^1403936584?1
;%B2451217174557224^VhqmcqoIphhwn^30114107599?4
;%B7826521777277802^HmmiitmIsyoon^62051289993?1
;%B6519937183330538^LiusnmgLzrtru^9807254860?5
;%B8771674251232062^UxfrajkHlvmid^7305605749? 
;%B2185141947658564^ZomrebuVzmwal^3307112861?5
;%B4426452186722021^CgvipspUifthp^66034165?4
;%B2522524478365624^PhzkyvpDgxigd^81103362230?6
;%B6735365622812771^TnojuznYjmepl^05044515323?8
;%B9442681829524359^QoqwroiKernok^6903602690?2
;%B6871554811772607^RnfxkifPmyylt^5607392251?6
;%B7175918144852536^PgbtqtoEjlpfr^5212633699?6
;%B4875783556972096^ZlwxciiOdwmas^7911481344?1
;%B9341671807239731^NnzclplJmwvvy^31082573?3
;%B6632885743845332^HlfxwlnGvctek^4706730691?3
;%B6817843623174244^XdihqrkYhtboq^86127694005? 
;%B9530188648987741^YbrfkzbEjuhyb^4710403509?4
;%B5642179755811129^WmndbedXztaje^5405859164?8
;%B9317102240337366^PwdvvhyUlkdob^12074921270?2
;%B8674070423465724^GornofvDjgxda^0304986188?2
;%B2135806521242481^TyotxndOpghtx^12059203457?1
;%B3335774306831421^GioqfliWfjhfw^8306363591?5
;%B5748529551218143^ZdykgijAccnox^85084678?7
;%B7219704152542358^SlvpefbQowkoh^19093796?3
;%B8658273838698175^UuvxdkeMwlonm^46079532078?6
;%B8546968781765553^FkgwoukDmqkip^7907949378?5
;%B5145295589055223^AgsocoeHrwnee^73088812?6
;%B4740316416987488^FuubuitFeyurb^61056702032?6
;%B8662414198967363^BldowhcIvrjbb^03092768?1
;%B2011357338128209^QdlpcqnYqmhyu^8007137261?7
;%B8406682996830820^KbjfbldQlchxk^55016396410?6
;%B8756762767659757^JdololnRjompe^58018026?8
;%B1635888367145872^ZgwulmbQvnvpr^5709452573?5
;%B2027805010136998^GcxfhoiMfwiel^27106922?8
;%B4642460251321213^ZnuqggxBfirso^41036085?2
;%B1620844248173473^KijdjhvTdilsu^9607474990?2
;%B9658362961896946^CoabgunKinaje^0303845563?8
;%B9796721652539220^DcipxleLujvbb^40092263982?4
;%B6177436717214358^WlqrzeoQedbqe^97027834234?4
;%B9356335538121224^XqumoiiLjniki^45082747?5
;%B7573874127315415^JjfxozrJtxtwx^53038408?7
;%B7446568395423703^UkiljgiPbcfhs^9503534589?2
;%B6723745764672362^QgrclgxXoclcq^3312443271?2
;%B7133017469411377^JcidqvvXwdsnb^3212385620?5
;%B3316553340978174^SgmsvrlQindtc^20049519968?3
;%B4623272801532567^SoznhfeCusspf^94096401484?1
;%B7756887565694384^MredebiLnuwfv^0602333664?1
;%B3225555551462724^OqvflibPphrel^0610728772?5
;%B5116383863232704^QgbnhpyGdyocq^23089649530?6
;%B7159595257823651^DddgocpIntmsp^1611295385?4
;%B2235338818777096^StbwtgsVtioum^1310280957?4
;%B3327678176418389^GjjbhxpQksfez^5908360329?5
;%B4127614457321480^QpqxomlCfkmjl^34043108227?1
;%B7918313835342548^FgfhuvmNhbxjt^96041927?4
;%B5192553915860737^GiwolvpNfnrnr^6109923444? 
;%B6777142203507966^XpllhqtHrwfrn^7109552741?1
;%B8382391866010592^PwlocujPyrjlo^9109175417?4
;%B7638343668854731^MsqzbqyXpngso^7011281802?6
;%B1619754014834273^YlkcnfnJgbyrr^69017506239?1
;%B6647711377666213^QqqfzagNkhgmd^3708606904?8
;%B6827224285114685^QqojzvuZvxqvi^43119307?5
;%B7874028318971784^OaskbafZexopb^6603942142?4
;%B4756687579103233^FwstffdVvczdu^81063482?1
;%B6873216664605860^EwbwnlpHrhhch^73023617847?5
;%B4148653066246436^FbcmeonCfahtp^46069764? 
;%B2882954814175266^BtkfkrnWhqpap^90085901?4
;%B3884850271446867^PuewtdgGncmav^2011392888?8
;%B1267302244684954^PxhkeukBmcjfx^01012695683?8
;%B1772861688360443^LvcjgslIkecgg^90082246?4
;%B1975561897568337^VlcqovyYxtlsj^9305189774? 
;%B3349475531955545^TmaewehLihlxs^62043756?8
;%B4383351735288172^YmdusyhQqcqgl^4805189259?1
;%B8223435979491523^BhegfjeXijpxt^3104126983? 
;%B3922214622462774^QepkoweMnmoox^41067792?2
;%B9753228224173456^UwhjujpYyxmdk^95076746? 
;%B7776803809364476^HqdizqfCqtlqc^82043508320?2
;%B6084845495620897^EtfxqupRccutr^3409718906?5
;%B6391895472552511^UsyabjyDafkuk^2110994340?9
;%B9189501802359745^NkbtgsgGycrgz^4707245659?5
;%B7242726288722372^BwujwljEvlpsi^06057656?3
;%B4657885423856216^UltqwnwDqvvmf^5609905701?7
;%B9860254480429866^QvhlwcxTtfrpj^48065555?9
;%B2926692213537475^ClfudgyYthfjj^83063733539?7
;%B1579688615211884^ObpggijKhveig^61027848094?5
;%B4517556872266848^KtiipheLxqpxk^18026675?8
;%B4332037581533878^MhopztqLlfsqy^06038268?3
;%B5626296282238634^JydxkewOpjfur^5806540663?7
;%B7846308536755827^GdklducXxaqyp^93034994?2
;%B2443896820560810^IfycxvqBdgoko^0103911929?7
;%B8454131277166177^NuwimhcPhgwwi^66039803?5
;%B8673441112382297^SkjazbeNwteco^14083594?3
;%B6613572418484195^GafvhdxIxcsvi^7203673331?5
;%B2235387034438189^ShscbvsCssimb^1109879185?1
;%B3434437380072533^WaxjpmuTonupq^95033763002?4
;%B8815486183782581^AmsgaohUydqjb^80099978?1
;%B6471634846455819^KfepjpsYxtbbk^43075448599? 
;%B2074177596518464^OipnxvnMxamph^9207470189?1
;%B7438581624145246^QtctoexUlyehv^4011374528?1
;%B5114373297663852^OwwiunlElenst^24053301?7
;%B7588056376528551^IioewidJotvxt^6504561607?4
;%B5308386731956346^ClwpqewFljkvo^3310638650?3
;%B4161573174882326^VotuwxvClbjwc^0610257304?6
;%B7933953729961372^ZkuymiiXgjkji^15107311718?8
;%B6675604984748027^FbwdtovQcxfwq^3601111335?3
;%B2117433532676614^FsisszzOyotys^63072195?8
;%B8935460716473450^RlflmbdWjpvzh^49081949318?8
;%B3193768340108427^NuwgggxKhtfxy^4204182123?9
;%B5534253213443821^BcbevwmQjpwld^2608717401?1
;%B2758246072434888^UixfdkfQorfjl^02078566?2
;%B4653784068156152^TgienblJjkbmi^06055456?3
;%B8443463757633532^LcingwcCabkka^76105583289?6
;%B3678661743943352^EirhsgeUuechp^17091398451?4
;%B3522985453472579^GgfkqhoWnnypa^78063456?7
;%B3781228078351883^FcgccviYlkeuz^6504837620?4
;%B5437698196593466^HvpeumuNtyfxb^8411731573?5
;%B3444516899315674^SntboqzDqeswm^4302876323?6
;%B8263642535473884^WtoxnbnKpvqpe^62056246?3
;%B5292528650554071^UcmmturBqeisx^5306757833?1
;%B6856801464281263^ZbtvqxgDreqlq^26054642564?1
;%B2947376218947478^KvvemgsOyfetb^31067668?6
;%B5432865455784865^NrsbrbeCuhixv^36079075?3
;%B1953665229866236^JfnuyhgNlabzg^34054636?5
;%B8858465846894612^IphlbwyTipqwt^64015175?3
;%B3460251422296932^JfrvhepOfirnd^3911176811?8
;%B5171262287255767^RrdoctpBlgpbj^6002511695?3
;%B3836144168018444^XtmnrylUuskah^6911274293?1
;%B5647314793458209^LwgtqjvTmqfyb^11013625?6
;%B4227829403512532^MjupkpvJdsjov^0608254735?4
;%B6042701725686751^QuycsuwKplync^63079337?3
;%B4407674433455371^HmrhanwFipihv^58024449328?6
;%B4486458798361201^ElatcpjXxjgcy^3805291744?3
;%B6487342331753915^LbkcddlHrzfup^4312383916?4
;%B1850150174432887^WmopxxrVoljje^64082932481?8
;%B8633575607488221^NhmxncrClmlag^1512770529?8
;%B5220461855322192^LxwrorcUbymth^91123485?5
;%B5496618467148313^HzfpgqeCcbupi^8609538504?6
;%B3738447522585172^XcqdqhfXqbpjo^62016917?8
;%B7971554521955437^SvkijouBvmluc^23038074422?4
;%B7552882464554314^MtbvxsqVchlnq^3808503279?7
;%B5746197841111638^ScqbamcIhuvai^7208906338?6
;%B6315618906063765^GbfnwzmJlglsm^82118155?2
;%B3037124211106813^AsmdiqbNyyhzw^57027384079?6
;%B5731413546873423^VktxkfxMdrdbz^0807251434?1
;%B2513333299543252^RnddxilStuqmo^0608298865?1
;%B9301747311558327^WilrsrsSzerkq^06112001?5
;%B3652626784359807^EsmqdsiMhfpqg^0510379534?5
;%B7120827688558920^YotreudKdnwvv^72052252225?6
;%B7300425552531656^MxcxxxxNlmecs^62096882974?8
;%B3138544775682135^JuoktxlGhkjwe^56094275?2
;%B9466692724586546^WcljwvkGdkcho^3703710402?6
;%B8866133065768411^TictqjbNjmsxl^7405704554?8
;%B8058765294741931^XuvinbdJsdcim^9108856748?6
;%B8671485818479331^TwkihqgZbzjjf^1702499605?2
;%B6704343848918912^YtoxncwBtzouc^40057642521?1
;%B6383346627637425^YpyyfxzVkuokm^48078082?4
;%B7424971272282516^FryfhhkOfeklc^5110683621?8
;%B2742837791677918^FgutprsMiebre^6809531209?9
;%B6659861405375514^WthspdjRqbhsx^5212788240?9
;%B3662214382627827^ZsuelgbVitnkn^35032532?6
;%B6332362748725095^IlyrkpuWjfvda^30042113?1
;%B5661513651110576^XofehyiWntcii^18082804?3
;%B2269984654167298^JsophueDnyrsy^5707576116?6
;%B2883447635509791^BmcmhyeUmgymf^9111368605?6
;%B2141616841783613^WsejrhnKxdusd^0804247652?9
;%B5269217686906249^KxivdplRwzxmf^2304219228?1
;%B8317087697611736^CtluxfuDwqpys^93062743714?3
;%B7821678828666926^MlahgvrJarjdy^93012374?8
;%B2056578703325192^LymdwnhGkiswn^6811495420?2
;%B2785728465217728^QlovmdrSdgaef^06077817705?4
;%B2491458481898927^LjhbtmqOgbvuf^8906367786?6
;%B7328551273016355^EdyqcavCexnen^36073182?5
;%B2175227516971603^PvqvxonAbqmmc^2611596550?5
;%B8048066544581496^PnuuokxPjfsri^6509539983?5
;%B7585211821181765^TxxjkteGwwpyb^67113845?5
;%B5564751557451194^MqcgdefCoejfh^2711473231?1
;%B5271427181894132^MwopudjTkvddw^0905623390?4
;%B1242615073923526^RnpqzuiBgrrbm^08033915514?1
;%B2589437647333252^WupoodnWrjfvb^5809605825?2
;%B2323324512131940^BfzkmyiLkwewj^58037884153?2
;%B2476727312218416^KycpkgaPvmnby^51082826108?3
;%B8157770623843118^OguoiqiWtjebh^8406354841?2
;%B2068675634941542^ErpipikWjaoav^4502361845?2
;%B9159719255426537^MmhebjwBiiflo^4311324386?1
;%B7888622463603174^NybacaxWegywb^2007553173? 
;%B2656385121017337^VvemnsgHnntil^4906351873?8
;%B8393262288765645^PuxxhbgLcjika^72016538061?6
;%B2385076058273534^RgueyqvCytlkq^32065696?7
;%B9694634718778147^RmczfufTpesnz^4506421382?5
;%B1018031027830253^OcqpegiNkvspv^66127524122?4
;%B8454798441441871^DbkfxfbTwchrt^8610790328?7
;%B8444726364523147^EfspsujQqnsnf^5606419738?9
;%B2375591736638856^OoukvmpKfexrk^42125287?6
;%B4283582722988778^FxqrjkxJqaclg^9503761535?7
;%B4734622574314496^RqqehtoBnbuvs^9102224509?9
;%B7578658659683308^PberynoGdbxvm^33028715196?2
;%B2445384311086655^BpkpmkwPjgxlq^45125517?4
;%B3886695230735101^EwkysjvRweegg^03025505050?7
;%B7144544562271470^FipwbozVraxyb^80048453335?5
;%B3884201468433814^BofqrnsHvhggd^77064861?8
;%B4683615500611261^IocgfqxIunssh^76104828137?5
;%B7247284602471161^PiedirjZopnae^6205318673?9
;%B4638818332988887^FquhydfXbaofc^88111981183?8
;%B1689792441334453^NqnhgkxMukemn^1809961258?1
;%B6966986981332577^LngqbueNftlfl^7312246254?2
;%B4281726972093424^HaqvokjFcxejj^2311141795?3
;%B8382797857812740^LlgqzolNzpvgq^5910115115?5
;%B4512312585166123^BpocvezIhtphc^7105937539?6
;%B7952688662083486^MdbqmwuItvjea^6610497272?3
;%B7149548373622887^QlnnbrvRrbstl^5704503830?2
;%B7667823781200112^OxywrbjJtklel^26101435683? 
;%B6837622400605874^VmgkduxYdbpuo^0002748127?4
;%B5085497726102618^GwinxxwOetjuj^46033271?6
;%B7226172570183360^JzdtonbXwvpim^4510655992?3
;%B7771256310331359^BipfummQrccoy^07097834?2
;%B2113224487466138^UqgcgnvBrrnwp^55096507705?8
;%B3891825268248866^EmbcldzGbgcva^58021128? 
;%B1343023045521257^QghejmlFpxmbb^24056978394?6
;%B7249181235797231^OcetmxsGesisf^65104747?8
;%B8650888167721551^SueckbcSxntci^0606232191?1
;%B5313326852670514^IyryxspWcnemk^0810854280?9
;%B3665030556252725^BedurwjQkvmoh^71117995310?3
;%B1214023580403284^QxeguuzFeexdw^5705472554? 
;%B9377797565037231^UxqhtecXomuhe^4809521624?2
;%B8286188279398566^WyxwsjlLybrjv^20023794?2
;%B1727317786833166^GgqrrujWkweto^64103846?1
;%B2203392465447707^QgfrjflHqrgsw^1011309526?7
;%B1785405648549354^EnrjndvRpgljz^56033227?5
;%B4486728412683194^CrnferhEisecd^8011381879?2
;%B7514197230727426^MkzncqjFtbgiu^68105877717?7
;%B7766337347538387^BvgxhhmLvykdn^06076704275?7
;%B7631435794977623^MrejvohIhvcvt^74127577?6
;%B8000180764731981^JdvoqhfDwwisi^2606267853?1
;%B6482868831662586^YqqmggqHysnwd^36113663?6
;%B2729292652086789^IjlldjsMrwuoh^91064672?2
;%B7692345186675177^WsdeftnVkwmdi^17024369790?4
;%B4275351259199261^GfrikwhRdztxd^9103665776?8
;%B7346801556681917^UtiyvdaBscwlp^4807907987?9
;%B1132958820151646^TibechuRuakzc^3608994946?9
;%B4688548483383479^CggxrogXwhblo^9204706911?3
;%B8841743210022111^OfdnsoiNfwqgx^5006861540?6
;%B1683589686975764^VplsqvjSsedri^4304763631?8
;%B7128425431377480^VzgymesErwxft^57066718?3
;%B5665327154335433^MfonldhTsntxl^96032343352?7
;%B4707795326787323^XogsgrmNuttct^9308306605?3
;%B9576334612858767^WkilsvlGbfzuo^41113355182?4
;%B6561107345926935^OuilpfgFlgith^5702458918?9
;%B2651108679461440^EwcrpzyXkfpwy^30076458?3
;%B3673787002816457^MqemgnfYvdlxf^31088957?7
;%B4373477345626437^LcbkotnTmmgbx^87042806711?8
;%B2406429157404339^EdicoydFxqztt^3303684845?3
;%B2187551624494361^UltdgdvBlcbmr^3006812346?4
;%B4312498243697325^DettsxgLuygsx^87084763?5
;%B5613427375271817^XhlezulNqqytf^09112396?7
;%B3541642774513274^BgqqwvpJquxpj^82085749859?5
;%B5811434882663620^ImhvvuoSwgxgk^01096523?5
;%B1637467668571484^UjklnwxAokisk^25084548699?6
;%B6379114895867875^XncuqvlUdmgzy^1708128329?8
;%B7565932481471027^OufldooEgirbz^63128553101?7
;%B6412811352686773^CjyqhhaXfjhum^80118447?4
;%B2627267612937662^CitwduxLydxpv^68049296? 
;%B8367475415622872^IjyuhwqVrvbhw^6311223546?3
;%B5852751632355829^GxiqvmkFrbykl^40039396?6
;%B3321769446730287^LwepweeStnuxm^6707772357?2
;%B5366521721543620^IszqqclLwqxct^18075228?5
;%B2882084816134152^ClmxkysKliihd^2305935917?7
;%B3615962250823438^QwhilmpTsmomx^87066342?3
;%B8689811785970238^BnnjhieQfqjlk^58127772?3
;%B6712481401042447^KokxvtlHgjmtq^51058489539? 
;%B8541888923807025^JelnqobOiwlkh^78073071116?3
;%B3319088253010599^EuqvhnsEuoshl^1807627534?1
;%B2452355728354803^FlpvcfiEpuqdz^17022764630?2
;%B4148073512449437^QlcejjiFtjcnj^8706213621?1
;%B2350446138311214^GaeujwiYplkqt^5906747615?1
;%B9467915544324757^PrmhntqAcxrdp^42114057191?1
;%B5568367327862558^IggvvyeEsutey^0807302733?1
;%B8874765198737871^LlsbcsxTepdju^3104782839? 
;%B2514974210946905^QczexadFtomzu^30025073?5
;%B3121337462904396^BabpjnsWqvwuj^90121855653?1
;%B3454574764660653^OalutuwEoerao^3410355337?3
;%B6717638698841798^PwyboipBbjfot^22015445195?4
;%B4741727686272431^XarcyeoYyvpqf^35042635459?1
;%B5134313524363104^SbpccykTgibkz^91073437?8
;%B9033168322148160^CthkvztElspsj^18125955?4
;%B4741717857773223^PrmhenpAosetv^8503561330?3
;%B7123846446230804^NduxdwsWbjugr^13057045623?2
;%B6082205883256416^DrnswlaMrnoey^19074761390?5
;%B8086214879886681^AgdhfzbLhnapn^5105561260?5
;%B6976963616375787^LdrzlqbVqpige^37049304?3
;%B1962832487821291^QdlhlewQcuycn^88035857032?8
;%B8627650062369943^VdiwemlRxlqdn^22095567166?8
;%B4740268259571816^DmiktraOcabhj^82022017442?4
;%B3333542071224642^BgemrmnKzytbn^8505177948?6
;%B3351611538812561^LbcycupYadwye^1710337577?8
;%B7406204152142869^LhtvcjnClmykq^90113726?9
;%B2834290541828672^RieqepwSvlwto^1412172237?2
;%B7415421166911461^EchfomyYrdnrj^6102912218?4
;%B6224483366617202^ChwnbymGbvbuu^1612470170?1
;%B2981544921242425^YlnekxeCsgyhh^8010656409?7
;%B8415622965245379^XnugtcjJgvgwi^8704514410?5
;%B3537174850944656^VlrnikuDihfjd^85109132705?7
;%B6973225256737482^GesdcqjUgekky^52079219?1
;%B4446531282268018^TnlqkebBuduug^41058224694?4
;%B9196186233683175^RrrxhumOgvpea^14108228413?3
;%B1764747625238850^DibhojjSqrctt^48032336?5
;%B7377780368185337^EdypzdjJvvmms^90055937572?3
;%B6659591338789516^RnzpuvxFofyiy^3703865751?5
;%B6316322566532713^BpfvpafIovfgo^82082661?6
;%B4761617461633829^CtkrxsjHplpml^17107433?7
;%B9537388112374458^EvqydtsEmgver^9103338581?8
;%B5261134073137086^TjjqcurNndvzz^54128434517?7
;%B1956734162440932^EpiqurkKomodf^36066045?5
;%B5971340687272834^LbylsrtZlmcsj^65043948?2
;%B5379843931311835^SlcxoirSlqddw^91025836637?7
;%B4857783403301812^TbrnbraCrwsmc^1807747323?3
;%B7534713113586755^YgceigfKnthxq^5702248723?1
;%B5752761788194721^JtojrdrBdzvsk^44091198595? 
;%B4936622638934281^UegwtxcBcbymt^76022825?3
;%B8518678664546703^RitveieUgewrf^8911475979?4
;%B4804778382298632^LhfcdvqJhfsuw^7302490927?4
;%B4424946672768294^BjwluflCwputc^5910958860?4
;%B3738331814223477^QurdzkyWryrte^7712643855?5
;%B8164538560824162^KohkuqpBhyjlj^32021427023?5
;%B8248655857356632^PqryqpxNjtdkk^3006954284?6
;%B5515662420982595^LfnytuuWsddxk^0101774409?7
;%B8944443201705876^OtnqhofOswmmb^16035705919?6
;%B6324073662235253^QuaqoyqLsrphu^41099147?8
;%B5262517744682354^QrnoedzJepmwd^69069268?6
;%B5987653103754086^LjpoaqvZfgunk^45113803?6
;%B7575202680385346^XmjflylQxmfnw^0908917215?8
;%B6654755735394366^KilzwslOurbvb^6605247613?8
;%B8363598264238518^CxjfdkjGedqxv^39042628?8
;%B4153110261448382^XxlafaoPuouln^5306277421?6
;%B6827099316791297^TuxsmzqJudqpv^4710720790?8
;%B8149170572443503^YgtxqxwCqdusw^3904349855?6
;%B7115381363627926^LbjvbvtYybxzj^54061378?4
;%B5794588571477541^FtqdsuqGyvygn^1203791408?1
;%B2203576420248947^LhzshvuOsbetr^39055464468?6
;%B7443441771677326^JmqkvxbPvifhv^2707993897?5
;%B5631502762762340^QsljikcMyjxyc^53083804?8
;%B4754914838311663^ClbynyuGoygxt^81029487785?4
;%B5132312587845076^VfqsionIzekqx^73087014?2
;%B5767257272075549^NnuovfgEpqiga^2304226698?7
;%B2581816848312885^MfykypqYldvst^6611413162?2
;%B1728550993371846^RskwvweDjgmjh^72032676178?3
;%B7757886022513262^MwsnuasHcemtl^4905940650?7
;%B9671966474270377^QbocsgwWvvwop^38111998?5
;%B4418770326783822^BodoijyGnqkkr^19018019346?3
;%B6338227446271526^JuhtgrlKnsfyr^89047968?4
;%B2633458245347605^BwavdhnFaqbmk^64085242?8
;%B3934368474082432^KsdtecmHkxfss^2303771872?3
;%B8826152150346699^MfeexmpOecxio^30039783?4
;%B7541365512558106^EjimkunFuumlr^4310172556?4
;%B6218144779801331^SymlthaHlditp^2108529154?2
;%B3774578481868243^LepdrusNsrbdl^16055434467?8
;%B4269721167953135^JksyykmYyodud^8503525227?3
;%B7966888992462384^DjupmqcSqjkvv^7708748135?5
;%B8675352522337384^BjgdsfvEipswe^28021475?5
;%B8624218565643976^ZlujskxEjkdjl^5705422799? 
;%B4056303273456344^SdojkglTpudto^84065682661?2
;%B1159142816841134^IgnnfinUnwusd^82028268?4
;%B1638544753645775^TdvfgpfTibpti^7710622519?6
;%B2248353711016181^KqzxmhyIlfxpl^1304261810?4
;%B8881262232344368^LjyujebZhmrdq^5610883920?7
;%B7333482899135021^NhdhrpqDxqcjx^9211254812?8
;%B9224856595067915^XmviehsEjncxh^0806713751?3
;%B6966244863524236^BdtbudpBhimof^2210473272?5
;%B2891487415413374^CjwuebbTvrnhf^74057985503?9
;%B5228866836858773^FhpwqbrNdclhr^4411602512?1
;%B3728743627597205^CotxrgdVavpai^5509951317?8
;%B6248464382187016^WodjqlcPidpfy^53011942695?2
;%B6687133778193876^OwlmldbVqcnvx^1007382770?9
;%B7537658218245545^MmonmtkNidhru^5209818888?4
;%B3391259144078436^HcirrybWqqogx^30033344?4
;%B6682232583719548^ZvjeoezJiknlz^3508415598?4
;%B5768805344178871^RqqlkjmEkekbj^6703905734?5
;%B3729656431352753^IsgvgzyVeppaa^35093971167?8
;%B2437110538437368^HpijawiGlirrc^43082092?3
;%B8635861961054864^MpxixphRxjrsf^30092973? 
;%B3543872593441112^UwobvitSdtfgu^50043293941?6
;%B9363830848765204^DdgsvvpHnfuhn^26108238?1
;%B7681730845668475^AlbjvauRkkuel^55104316?9
;%B8529213573628795^IkzpoixHnihbc^6709600449?8
;%B8388819824572819^GuxjjkjHgzyim^08047424143?8
;%B3143349537134201^DldkfbpBkvyux^1305321437?4
;%B6168437506358243^GrjdwmpMrfspu^0510510473?2
;%B8313735601713885^GjuqnpwDzecwk^3011910563?8
;%B7098362524142957^NgipyoqEkboow^43097389464?8
;%B3146442181163883^UnlchktRuygsi^22017426387?4
;%B8755737784101017^PxxfyhaDpvvvu^9103557960?3
;%B4741637164439245^JxdvllsDtcliq^8210929835?3
;%B2770128325257287^RbtyjcnJfnflb^60067114?7
;%B4521140694934413^AzdheqoLeuplg^03021982?4
;%B9124858946874445^VgytvcfEzzpqe^60077436?1
;%B6738659187866015^OxewxlhYjicbs^40032766205?5
;%B6379681345263428^IxxrqvrRaivyf^34067935?4
;%B2552803565867044^EuuvtspHovpdd^8311206781?1
;%B8658639517077904^CvfqgcdVqydpe^90083518508?6
;%B6697288289345284^YpkpklwMsygyx^66094405?6
;%B4607568334073729^FysengfLreuws^60071526?8
;%B1069773577970122^RwvkghjEgcopt^7906537468?8
;%B8061397065662126^DiinktlLbyrwv^9104991518?5
;%B3423831740047921^GeenbkzJfoiuh^5604813423?1
;%B4504578166667667^MoufcqlJyzowb^6607631496?3
;%B7797720191266558^QxtwsfyVexmgi^20079247?4
;%B2264728254795565^CkgdjxjVrhfvv^4904534574?3
;%B6724558232446770^UgwibwmKqdanv^27126516159?7
;%B9283673775125226^CrsicanIdtpvi^6811115406?6
;%B8458427215158080^MhugpvwNzqckn^14029861901?5
;%B4252181445384891^FyajdhqQadvda^43112982371? 
;%B2221717148603767^TbgigdpTvuwkx^49099489771?4
;%B4168264532559541^DwdqymoZqwmsx^5506797987?8
;%B9863487585396372^PudcaotIrdise^6507489354?2
;%B9112536182247313^IqvhvthNnuvoh^29112053689?8
;%B2472818642323184^TxwwzddXnerof^08089912064?5
;%B4436164549931128^OwsmdljUwdwqv^61058216021?2
;%B3320345498230462^DianyhuYrdflo^26013123?1
;%B6868742826320264^GqpekfcGxctce^57095493596?7
;%B9533324738213777^NpixruoRqffyx^32088763?4
;%B5585498225365338^GxwtnvwSfcnbo^0203732588? 
;%B2652890682421391^IkorqssVtmsvu^09121208? 
;%B7331467151551447^SrvpllhYossbm^0201402161?8
;%B9308691394639796^QspfvuxLkglha^9305410720?4
;%B4874935987385942^TocdehqGepqzj^57114424938?8
;%B8277674264356495^VqzyichYkwnsp^87067563999?3
;%B9977393121841124^JecebxpYerbyo^67067299?8
;%B5985505946216828^YbfhfcrKibycx^88071728?8
;%B6161655629146466^PmwkvkvGeufqq^9912422687? 
;%B2347678124647599^JjykorhEyvkdg^2905849999?2
;%B5285846948061101^PtvxncbUhlmbp^40073054?2
;%B3676177550970315^JnftqphUyjeqe^09094007516?1
;%B4758344668464251^OzxrilcZewook^2401330273?5
;%B2845235115224632^ScmuhriKvhtol^0209389912?8
;%B3520757058141480^JfemwllQdcjjl^8004594745?6
;%B2419650751322129^PgnjgtcMomtyb^8908636267?1
;%B5154762853681265^ObtinoaJbbill^03054782?8
;%B7374069015778616^WnkyfuxJnbmxt^1508521705?8
;%B9410374190353693^QbkxpmcJiitgb^1907825581?6
;%B4425365460344475^EkapgxwEuceam^94019197610?2
;%B3955094461926248^MxqyvnqVldyyr^68085533?3
;%B5472787287885188^TyisbsmQowgis^3305633147?2
;%B3353061583748656^HbvmmgbVycewn^3510469954?4
;%B4373237572848930^AztcwhtTexwkj^59018093945?2
;%B2226645132153075^DpdsgnbEsdqcq^6505395573?1
;%B7284345854328225^KqjxyymGyuwcy^82067099?7
;%B8737354891961584^YznzuukPqijif^3708699901?1
;%B4321638745326628^LyldyjtIhscyj^7105510772?7
;%B8141179354770362^KtspdcmMdnejo^1105859203?4
;%B8853165641231853^FzvwzawJfqlom^46043294?3
;%B4427034368847873^MikjlqhCpwmct^94036947359?8
;%B1485387678770657^FbumejmJqbybt^34043396091?7
;%B8940813858736896^ZclpbfiNlgtmt^1108439415?5
;%B4422781444486604^WtcxifcQjebek^1205367681?6
;%B7662637871191612^TerwsvxEjzbgw^3909260901?8
;%B8431614336233187^XnwvuwgMvrlme^56072635203?5
;%B3186590718809322^CvmcoxqGrghwl^17052413353?7
;%B4558841072127725^ZrbniciKcqqqc^0403628621?1
;%B7217557027199876^IyondjjEexpfp^8211762990?9
;%B6341422433436263^OkflxvhGmyrip^92116269932?3
;%B3161852161775625^PhusdnbGgwegc^6706886937?6
;%B9247051231755257^WreijwuDsnjnh^5409456628?9
;%B6753859192039873^JgnvpakBcdmgs^10103873015?5
;%B7043275178140466^MvfololMchrnj^85071477?3
;%B4993340679687386^KjsxedqRqmmyg^2612502863?7
;%B7541823169323446^FsxltlkFgmjbc^1605513185?8
;%B5116267371279823^ErhnhlvFlkghb^43118492?7
;%B6397787640811661^KzwcqreIyujlu^14103861477?4
;%B2681959845325701^OxchtvmQlswri^32036411?6
;%B6962785814585545^MhubwkwKmcbgz^7307700285?8
;%B4434142524386482^DacpotzXnyreb^15024295?7
;%B3817022011653646^BtxuijmFjnmdc^3601469323?7
;%B4393595585653872^TqhcmydFzvram^4810749772?3
;%B8124852374416381^LpnkgxyTxwnfl^8406418231?4
;%B6847359281333661^KqlleydTlbccg^3111867901?3
;%B6712354353243943^GcnqebmRmtnbt^4909839726?8
;%B2324117367970618^AbulovvHydcwn^02075515461?6
;%B8275628848676265^YntsecsXnglzx^8310449139?6
;%B4140420807417622^HesuukiCdrnea^4008994807?3
;%B4574265725717115^VfhaqrqTwleid^1305623660?6
;%B2833572888088458^CitfutfNkxxqr^79033024?7
;%B2055335990619282^SuthcmkEjjgzl^92111774?6
;%B2347654662512842^ZwsxsbeBrexjd^3608511944?3
;%B2627884603326528^UhypsniBjpaql^7705697408?3
;%B5231738215266575^CmrddncDuqngs^0403748785?1
;%B5738733161114142^MbhobyyXgmpdw^51093006?5
;%B2873948568721913^JvsvsnfFhskdd^60072292473?2
;%B4473033442512629^QlirorlYceurw^71118948?9
;%B2596171769249226^CjtmycwRgyepi^24077773549?8
;%B5870011175250260^KfjlrpgFglszp^70064515?7
;%B6580205671112791^HqkvflrTbcvjn^36062099783?2
;%B5145183585730928^DvmsgojWoufoy^6003264135?6
;%B7275680105452580^LbtlbjfMiqlbk^18103241999?5
;%B5854676494687506^NfpmamsMbjyti^6905744260?5
;%B5947814908557787^HwxekilAtqmkt^2511263267?4
;%B5145236738426378^YlvpkvrGimcco^42018895267?8
;%B5412767788240144^WmkxmkrSydwuu^2102217791?2
;%B3773089291661408^BegqvpuXwhmsy^6804921470?6
;%B7154427644727930^MchkkbyMryrdn^04033177522?7
;%B3635239946180454^VdweetrShvdmf^52111373?6
;%B7274072417786235^JfhnbfrAfhulo^0207479354?4
;%B1570191441678106^LqnncwhQhshcq^33036317?1
;%B2615725967170435^AngftckNpehud^34098569052?8
;%B9615701208766043^CkwrrpvWuvalu^15015545555?4
;%B2692233911524892^DaogmluQpefqs^92036362?2
;%B6476029879847813^EmxyhrnKvcgvi^88094943?7
;%B4780617653189328^RbcehhjJzvnen^6211192695?6
;%B4515748550998716^GnnuwmbCbdhut^93102957408? 
;%B6112425733715834^WmukebgXtmgsa^0403848184?9
;%B5445297792088687^GvpnrfbOidrve^52083071?2
;%B6664332840598272^GevlwoiMfvbgr^8408187941?8
;%B2714061511666048^SfkyknvCloulf^56082582?5
;%B8456512263171875^MhlcpavMugvvp^5003328840?9
;%B3431439567458714^XtclilmIowfui^17119101961?7
;%B2736286265868352^FixvbgeIhtigm^45053065?7
;%B8922224835672627^FxlmxyfFrpqmw^6705874703?5
;%B3401867657281673^GcpvddwQgzqle^3812486260?2
;%B7581128206465894^MrofhmnOuxttx^43037444?2
;%B1301682703077638^BlkvinrJbnssl^27082539?6
;%B6754512126866615^OezlxfxQfnpzs^2005648837?2
;%B8521351950629386^IfmwzkbNbjsgi^4912359365?7
;%B3907108681158692^HijzwazYkimtr^8603249660?4
;%B8122847426062895^IwjqetnFdxutv^7704841491?2
;%B8514967038276210^FsotjjbAkrenr^8208426435?8
;%B7788742993333507^CicxulwOvmvof^70053939?1
;%B8941153456345522^SwouigpWzzfmm^79057858223?6
;%B5841557888269656^LolpqmdLyhtji^36077337524?1
;%B5673477247162857^CcxkydtRklbnv^15081337?3
;%B9675609267337337^RryvgvbOqlksu^42069557925?1
;%B4541818824284454^XenmcynXgporq^56103482?3
;%B7148111457376352^SlwkrsvDvemzh^2210245673?7
;%B8170339752882132^ClejrwlSknboh^01113108022?5
;%B3858826492023848^NyvhcxiIorsyy^2408174158?7
;%B5616574724339684^IjnzjdwEgkxxy^78074002?8
;%B6549858187617585^GvjjnfyQrpjln^76058328?5
;%B7327504261347130^EroivvpOrwrov^65108803?7
;%B6118495861424459^NvukcwmJxdfaq^7009346397?8
;%B7234855553294146^RxieuqvZggeos^3706600211?2
;%B6805811512808408^IresgpbSxhhcw^55077994860?6
;%B8258345571733712^TprctiaEcxyfr^77054572337?4
;%B9447736281246692^VwgeqoiXflifb^7610651904?6
;%B5533572003043447^KrtbrygGtyhxs^96079082605?2
;%B5075729689813918^YljkaspAcacwf^7910203337?3
;%B8177185293850652^TgxnfbbXmrgmb^7411797228?2
;%B8188837374112544^VfdtderDhjkzb^50042608?3
;%B5188421582717935^XtqigglOtsmsw^89017886606?1
;%B5679047374653351^ZucuosnRumyqt^47064846589?6
;%B4242194104171461^XcdnvivLnwqvj^12107097?5
;%B5189819383253732^EuwovngWxnmkc^74065637965?5
;%B6768519302432731^TmjluzuEjlrqu^33081792307?2
;%B2191386686354880^BjijbpiCbivdj^9603948301?1
;%B2231320178319406^LbdpmhkQehmfz^38075601114?6
;%B8782566746182580^IyppmldYuaaug^0005585153?3
;%B4785683177127029^BikcrjvFvfmzd^9305929490?3
;%B6602231583156443^SiutljxGqzydt^82042717?6
;%B7803656172288624^ZwynnloWsgkdl^2910681973?1
;%B1157867166983232^PhlmdvyXnwmce^9410418364?5
;%B2674611885342045^WegbqhgVdhcvb^5209274481?1
;%B5884907889451776^UevkpovAocwbo^97095803?6
;%B2488325222789221^JdcsjxlQffour^47027914?2
;%B7847488273764851^HheqlymXfkkzs^40063709?1
;%B7837854781742363^PrddpfrUrlfuy^1501650701? 
;%B6278987344177558^UfogwjcRrgmrs^8605566640?4
;%B2335056733854108^DgjokozMfgpla^13096936541?4
;%B2718141674444749^CvghluoCwbwoj^0809324999?4
;%B1976134210288453^KpapnnmWsejck^70032982689?3
;%B2417414205772684^MwqocnrNkoctu^68011283362?2
;%B2641358312638962^LckarywLwttec^9803462535?3
;%B8635165448332250^GiymblhSkjwcj^68095122?5
;%B5585612376265820^DtjckysJdqqnk^1609748303?4
;%B4641624184354345^LgvjkqgZqciey^45037848623?3
;%B3789314634844345^ElbhqrnNjbdxw^7209202285?1
;%B2121254362168535^SiccglpLcoiwj^83074154?7
;%B2716617537845374^JkuluhbMvxqjy^9309689551?7
;%B5885778614828645^GgmrlihWxyeqh^9011518779?2
;%B2618470842259426^FoqgukoPibvmr^1608886424?8
;%B6985656201676862^DzpisavNyuwkl^35067782616?4
;%B8350605714671830^ZxuvtapAbkuzr^6602851642?2
;%B8640348483907420^NrbpesiDmbflg^48048754?2
;%B5817664645774397^EubdcpuYcfjdx^5807649306?2
;%B6527813643566136^LbiwrgjBarwbs^52029922442?5
;%B3109182156333822^PbhtnwxVvgvek^2809592165?1
;%B2787635867113567^SsoqmhvDqarid^56088266?2
;%B8191834832335261^KaxbdieBnkrtu^50043166? 
;%B5444511536374456^MnteokpBodyfa^71041957?2
;%B2333824633016354^XcdwqjiNoetkx^4508391751?8
;%B4261132764121825^BahtmuhLuzvww^42012392471?5
;%B7785416750616446^MeauscuSzpmjt^5007580364?4
;%B3456739559783032^NehpbkoCdybxj^17022072?4
;%B1448332931234020^IgzjuhhYipneu^50048562?1
;%B7558792804195633^UqikygwPubpla^7911778576?1
;%B9225874291749747^EegqwvcRxqmyt^7712664396?6
;%B3587213806303097^RnswmslUhdbsa^0106677168?7
;%B3213971845959610^ZovgrnmKhfwce^2509307990?1
;%B2451466674818869^FobpesrEsnfmg^23067861956?2
;%B8666738883756113^BrzoudoVqwgcg^13024426?6
;%B8183928157113117^JgunjelFmkbin^06031196?4
;%B4568876689696458^KwomasqIimopv^01024844818?6
;%B8130399475154176^OdgwyxmDapitb^4404813438? 
;%B7378372467869855^SrioshpYtftks^70036897?2
;%B4125753701612177^MknrxdbSaiehr^7305337317?2
;%B8288871552085755^XwzqzkvBdjglh^36063659305?7
;%B3671252501771467^QmqnsqlLvpwqg^4408464387? 
;%B4215893535117963^VvjarflJmfsji^86025704?8
;%B4030996604383032^ZfpqsmlNjrpse^85089725860?2
;%B5926686838264380^OwskohkTjvywc^2010274230?4
;%B6346251485530243^FajhghkEqteuj^72035637?4
;%B4470743242864060^ClesyfpVtwfhs^22115028?7
;%B9329272185659065^StvilflExycuv^49031676?4
;%B7441638927399737^FezerhjNwqisp^88089456?3
;%B2734385382783658^MscjjgePdjums^96097154?5
;%B6321562774882177^EjytpmvWdcjqe^85102066069?2
;%B8776747263476351^UdynkihCvidfa^97108915981?6
;%B8986502616184106^DvxrmccRhuxxq^21127858?5
;%B8142757476549425^TgotqrwAsubsk^9104714393?7
;%B5584278770758026^NmsnkoaKoixoo^3208538542?7
;%B2515944834556577^QiuislxCluerv^6001166562?8
;%B2892986882660624^XvwokhwIjfjbt^02116098977? 
;%B3736674937533778^SfogjktLgsrer^45025144455?6
;%B4544988319370105^PteawnbKxthuo^3004934319?2
;%B2536173684865363^XelnswgYhxgac^8410133273?5
;%B3175303354754234^JmhybsuJdqvgo^57025887?1
;%B7993580734365036^SceoxjfBbwcgy^4504755544?2
;%B6253234345914502^NnryghnSsgsvv^78026823?5
;%B3068857792068181^ChcwpoiPioeld^3811825402?3
;%B2187856347165394^RqknufaIhzcnl^9907550921?5
;%B9541058584427246^RdudrmwJukshh^4310367252?3
;%B8518046522252173^BoautyqVfqrcp^7305624503?1
;%B9812158924437828^VgydletPsoeyn^1306178383?4
;%B4712291237463223^NeferwnJyritj^9104911114?7
;%B7416931748250394^RduhjcdPcbhxo^9510246616?6
;%B8873598339734660^BwqkyndWbroqi^3807749148?6
;%B2317626557401664^WukakkwNwpfmg^2311644289?7
;%B4615167780662568^UaptfkpNcogjj^8408145412?6
;%B7162510576943362^FbfumhjBexnbi^0710345907? 
;%B5342674340222666^HrvhixoOucjrx^04096605654?8
;%B5444485022564752^FnskoqkEodfid^1004857787?3
;%B7887421728124052^YccrzrhFoonvc^62112645870?5
;%B9484482796414816^DqxslekXkelqj^16079122466?1
;%B5730579053278799^RxdtkmsNbbqov^28063445?4
;%B4106508164286176^QqceyfuPrcrxt^53101311568?5
;%B9454871828811582^XmbejejFweypy^4602478797?5
;%B8396277831252385^UyqjlueUdcgpt^5705715226? 
;%B4689779051803740^LprbkvoGwqnow^9710701532?2
;%B8585411786128216^EhwgqunObdtdm^3711861785?7
;%B5170187624558172^IqhppgbYeglyi^83018258?1
;%B8847319502326521^OqtyeimVrfswd^6506749506?1
;%B2386176121733033^VpbzdiuHmhume^18096381469?3
;%B9527754053965164^LrulvwmSyqsdk^2604237155?3
;%B2949478054873711^IfdvdwtGcwric^1808880947?3
;%B6826566597381897^ZmvfqwcEdzqto^9702479162?7
;%B8902424768675488^TmgkwcuCuyhcp^08117701950?7
;%B6477282466582063^SylddtyCzdojt^90114443222?4
;%B7756029582283553^PpftqkwNbnpcf^2311716866?6
;%B6531748312522152^VynaskhGyindh^92088244?6
;%B4117521075588464^QfioixbKbmlyb^35107966?6
;%B1863246382827218^YwevokxWovbux^1905416533?2
;%B6738806707539721^DlsmypgNrrpnx^72064764?8
;%B1634213922935135^DmljjqbJfffmf^85025088?8
;%B4140067786724443^RzuzpwiReunab^5211310657?8
;%B8231724853138928^YrdlfiyKylfls^5206357396?7
;%B3340928621054970^FnkdoksIprxax^60023518?6
;%B8455220454105517^HimwkgyUjmufo^90045582053?4
;%B1125237546233757^MjipjrbFhwfyu^50098106?7
;%B6338684350410259^UwakodhXwepmw^82114236335?2
;%B3655336898429142^EvdsgnlAiirkh^0608663832?5
;%B7666130351372668^IxrryajPcqghp^1902825657?2
;%B9789316164074452^GxowmkuCwjero^5505344806?4
;%B6150852627146615^MlsumwnJqlxdc^36096052120?7
;%B6725880149071710^PsxlsciEsirgf^90054313650?1
;%B8323782649215249^ZqjcebhIqqebm^5109540382?5
;%B8508444788066527^QeqcmynIccugs^22063716?2
;%B6251446590036174^KorljnqMjggqf^0506629492?5
;%B3548626743258169^MfhpifeUwoixs^3611314244?4
;%B1446176471113793^CubykwwHfmedo^65029071397?2
;%B5414102048261628^XppyirnVpxysx^12068117333?1
;%B5840745089134167^BhewhgxHzppij^3908439400?1
;%B3177360837024258^KfxgdppBoilmt^65074632026?1
;%B3454538085702985^PbvvmwaLxsixq^2306775270?1
;%B4322458277668606^DotvitsHlzxno^4704395269?5
;%B4987765642438372^QmnltmiJbiztt^02087465903?1
;%B4925914884222846^CtnnrgkWizirs^48068243387?6
;%B4165291745887517^DrohwteDceqgu^87037725?3
;%B5651515132808838^FilkwenVuubvo^89118934?9
;%B2534178514651381^EjsoqmdTtnukb^71098266?4
;%B8323427302528623^HslslguGqdmuu^1210341998?7
;%B7186662596461496^YhniynrFesyfi^8208897795?4
;%B5428682855578181^UjdbeyvDyrgfb^2404392177?9
;%B7776885544014352^RlnviloMaodwr^05096982728?9
;%B6125184263318542^IgcdjygWjkonu^50071385?7
;%B7068563554422483^GxoqoylOwktdo^63103522?5
;%B1936455475896677^EjhjsahPwzxxd^14036782?5
;%B4612782553731171^UgotdseHxgxpr^5001814584?3
;%B6422259332142155^IjyhoogNzmixe^81031817?2
;%B6372562218893638^UukxofiGhroxq^24027373846?6
;%B1224554577633385^ZkflphnTyodcj^65022864171?6
;%B5353636898166997^GoazfbgTujdwv^7407297954?8
;%B4258254504476535^JwwgnpwFdpoob^24053764324?5
;%B2565258853961655^EubfvlhGuwuyj^49023185?2
;%B3344708560798332^VfusdylGqjbcn^0703785368?5
;%B5551361772163121^BfqdbcqSoeejj^31025024882?2
;%B5217140881873666^RcbuuvlVzsppj^34051572?2
;%B6454767947833518^ZenssdiBldnil^1303842340?8
;%B8666920792625041^LpjwqkeKrohsi^9206660417?1
;%B4336429796964112^XauwlybUjoqui^0611721539?5
;%B9570175674057721^CxdmqxdZxsrke^9811557509?3
;%B4628513257001300^ByuempjShgqxe^1709372834?7
;%B3521756742825776^KqwdogwHrjpqe^3602467586?5
;%B3681118633758925^FrzclgjBiooic^8605458539?8
;%B2564844452894310^CkveczvYghtkf^40058923?3
;%B6216085862880449^DphwffwBgwfcg^44086085?9
;%B4252311425382757^YsjyjnnEqvfqe^3811156671?8
;%B1128064323181317^TgysukcFriann^33036832?4
;%B4263433721822712^XgknbjrMkxwiy^3707799922?2
;%B2861753490842997^NazttgoUitjcr^3110558486?2
;%B4231633628621076^XuqdfwlJpsomu^6205453239?4
;%B8488883433826644^CyrzaeoKsxdhw^13075669570?2
;%B8121177626375356^YteofufLgmirl^62093748708?6
;%B3525287524727636^SorofmgPcdfwi^7109726986?6
;%B4154413250094717^KmyolmjMfzpmy^48032272700?2
;%B5747562418628669^ChqhteiTpoikf^57104966?2
;%B3605234627886721^SpdxcqnUcbtsp^9109871995?4
;%B3738951293121185^QolthyuDyecld^10091306?4
;%B9901286288163618^GyhymnhCxwsif^7404561197?8
;%B9555253671596723^KeiozusEvvexs^49119757?8
;%B2063380862584316^VigiixmCuhrpc^11068324?6
;%B3502343223793664^PdrpktwUqlgkt^42069287?2
;%B9248424963241840^HfbguhkMfsjsl^2006237550?8
;%B7103112458116546^EhxvummLggvgb^0609933757?2
;%B2163746219233576^CicgpscKompiv^8506240766?6
;%B5983381268657714^TnjfopwHtehec^62043073?1
;%B4986367233633252^GvbbsrjWqtvqe^81066618902?1
;%B8215408374936274^KdogoizDbpnok^41019843279?3
;%B5138438587804657^SsomgkuZuurtb^83097132?8
;%B7822321643489230^HloblyyNfdaou^04096582?2
;%B5742866965046616^JhzftsePqocxr^48103504184? 
;%B3119377838264187^TesbkqlWvujdd^8501831793?3
;%B2565326351324545^HrdgysyQgbija^98084948635?2
;%B4513617634557419^KgwscbgGsjlhd^60015702854?7
;%B8704838184258080^HyibxnpLjedrq^03063536271?3
;%B6849958936289237^GvoqbpxErhkrg^5711299229?4
;%B6612163337294120^BmgjbcwKywxwo^0303583701?7
;%B5581079857130861^CghwqnkYmypky^3602753613?9
;%B7858558844714751^ElqmovsTkkxvh^89033376?2
;%B7909711367332489^KrhmhxbOcouzq^06021387?4
;%B5683677485256860^IvteegpViwbdm^10087036236?9
;%B4848647545171663^XqsgfakEmfpxx^8005799795?4
;%B5343575501832326^YngdwqxYznghw^1010119477?9
;%B4827512147858357^JvyqtxrUexseb^7912932650?3
;%B8843360781547342^SlbrjcrPpcyjv^65072954952?6
;%B2385367591033838^XsioggsQjkzvr^3006156959?1
;%B1634043353565794^KirkbjoYubfuf^35095091826?5
;%B7457137556490749^ZxibiboLtticg^2509812318?3
;%B1251117959549688^CqagxexEpuvrw^67048178388?8
;%B7091575880815611^IcqwsrfJoplpk^58119557181?3
;%B9315542961069122^FhivhaoMgvgkq^1807551469? 
;%B7531636223585437^HepddtwHrrrnv^4107947341?9
;%B4551654588254420^DdihnyaAdcadm^65024285018?3
;%B2334242211363705^WzlpyekOxdysq^4509147478?3
;%B5783364589372071^FeydjgpKjfiml^4008540280?5
;%B7486757189108326^CocvmpjBthdgs^7905836301?1
;%B9664913763956143^XiejwgtIeouls^3811312190?2
;%B7201837799281132^MupqnltYcwqcc^19042778?7
;%B5570072749807326^FxktqlfXvjste^5811470542?4
;%B5917325278180756^BqelddyMqynvq^06117843488?9
;%B8555565738373234^IpmfgtbOvndur^9611625256?8
;%B7194235711414310^MspkxctUrafzp^21084063575?5
;%B5224025289830221^PsxdirmAswxhi^2011646925?4
;%B3498748034728832^LyssicnYvkckz^8111220822?3
;%B5280860757450148^UwfwsdbNlsinr^33015013560?8
;%B6247646542533512^QijhbwiWufqub^5104735129?2
;%B3327758844237463^VqlumcyKrndul^86128675?9
;%B3863968225861004^DsfqefiXottqi^42057959?3
;%B4722376319493162^FmlwffhXokavq^9704173948? 
;%B3961278386243515^WwonopqQttffa^79068874858?4
;%B2355471433716655^QkrnqkiMjbiqi^3210857809?1
;%B3354533611072751^RekreidHyvulh^2511614257?3
;%B2082875776930648^MyigrhrHicllk^1909533162?7
;%B7668976483305529^GtjprrdKbcpks^7509258830?1
;%B9614971875297226^BxlrxudGbqhly^75069761834?3
;%B7680785266583725^DqboxqrWtodtj^44029072312?3
;%B1476227036452641^NmpvwojCstybl^97081359083?4
;%B4827744864336560^QzqgvfyKwhafd^2608326336?2
;%B2568750439656471^CpunqpdGimtul^1805350956?4
;%B5880118754222514^FjwlkemUvegxy^13119656?3
;%B4706657885661483^OejesqpXqwulb^79026228941?2
;%B4361108841228374^NfmljxwTonvpj^49123198?9
;%B2108756424663757^XwdljrtRctjnr^01084113?1
;%B4719043197817378^VthvqvrCpxpya^17105486?1
;%B2219468358634777^QuzapmvBvfgbv^97026488795? 
;%B4626458475412655^RpkizwsUxyjib^0808753532?7
;%B4766635876857556^UkajkypZshssx^87011136106?7
;%B2473192564267000^HsqnfmeTudtwk^37039494?1
;%B5181203181838866^XqbxedjMxtxaj^16018936121?6
;%B4408618009339764^KjjmgnlXtknta^6204882906?4
;%B2750655137965465^CtlmfjoDewcnr^8409545897?2
;%B7352856646344771^LmjlsiyBeywdu^05095965?4
;%B8267118106166755^PinmyfzGvlnmc^42017279438?8
;%B1159846211067159^LqulenfMmjxel^20031879?5
;%B4128369157073177^TmkkxikPdmjho^95104578219?5
;%B2312412294320642^SfevjokXpkghm^5005664875?6
;%B8758807586224817^CybhsvcPfwcth^27018142728?7
;%B9176452636368125^DtvogonZqjyav^49093452?6
;%B7625296650955872^XtxoeqwIndftl^54068434002?8
;%B2347932117507044^OiyisgmIwpilh^3504136169?8
;%B5040687267743405^TgftxcpSwmuwe^17025002?4
;%B8172148872338643^GtygremWkwiyh^2707146528?8
;%B3401529752267338^UepgogtSxteuh^68062471641?3
;%B4564414235847244^MjdutoxLfsyjg^98093264? 
;%B7561302500986419^XqoelbhNcxwag^83049444?8
;%B8532730270740245^ClzhoebYaqggb^3408320169?5
;%B5572442535282787^SnfoyjrBgrsnc^07021628?2
;%B5387195891695965^NgefeqrRzusbs^3906910856?7
;%B3546253142104845^GmqscyzMwkwwc^5602223563?5
;%B2977871637822367^NpbbhuvUeibhl^4905606740?3
;%B1146835270084484^EngrvsvEthjss^34089731333?7
;%B4251047352579267^FstdyxvNtqvrg^1408343780?2
;%B8024413572311535^ZpfzvarBcfezm^09099054967?7
;%B3412435369509786^GhsmfxsFjxmxr^72084399761?2
;%B8224688804082881^FmsisspIbkzpd^0210358992?3
;%B9345484348445134^WifimpgFahckf^74119133?4
;%B6244574293239125^YnpemgbUwbysy^82077328?6
;%B8249067388257726^SnblxzbLivrhp^0312692772?6
;%B5275152444677101^CpepeggDzoslk^67093317?1
;%B4557993458402483^CrnzjskZfuvws^5402780194?1
;%B3987222924444295^LizlhnpSmdyot^75064332875?5
;%B5983713871957677^AlrbbnoMlecqh^04045583?5
;%B2577677636625931^VujctylIwogvm^59082258674?9
;%B3668992946558824^YbjpsxkFgfjhh^0305800171? 
;%B3623254081521268^UfphnxiXkooxc^6105778951?7
;%B3773363406885376^BhjpzurPrargi^3708609576?3
;%B3701611707784033^XoqsssfDfjexe^0501393566? 
;%B5061216365148778^JhsmittObdheq^05124083448?5
;%B6224026553786322^TgnafhwOyyqxn^9105676574?2
;%B7733642168498676^LzrzmvdBwovnn^3907818134?6
;%B8543955567153064^AhbcpskNclgrc^4208932132?2
;%B6299574320662646^OaclofqReutzb^84089078?5
;%B8352180205277043^IpgwgouFeijtx^49038915?5
;%B8855836433239623^ScpnxhzThkvhy^62022231?1
;%B3930822632517065^DwkpyigQgvpbg^2204282840?7
;%B7081833831651275^DipidnqEzrkcc^6102527257?3
;%B8252266934156722^BsccvhfLxvrli^93102153343? 
;%B5552617519786467^SwiuvvlFixwfh^83029279979?1
;%B8647674277170634^StsklnqCysojy^60032688?3
;%B6245943339235657^ThorjyxMttnhk^77126695?1
;%B2336639867397850^PmcpuotEenibw^09079335?2
;%B4262788592117895^EeqyomlMpkisi^89076953?4
;%B2115355173228124^SfiljrsEuxppx^58055972342?1
;%B7219080288373396^DazwyjsZbhjgs^6911885491?9
;%B3244733843170336^OczggcyQyqsof^9110276452?2
;%B9044327558165588^KugtrwqMstsro^42091662537?5
;%B3787845230692366^ErfixcrSgnjsc^49083984?6
;%B2763298323283483^YdtvupnGafggl^2809941172? 
;%B5186105666408241^LdmqwvwSfbphr^0605398615?7
;%B7347920576572366^QipkqdkKmjqqm^19114817?8
;%B7233988459271898^GapghhpIfshql^6911378854?6
;%B8381774148804246^TgomgipEyjljw^89122359226?7
;%B6516757117558842^WnsyowqRitluu^37085232?6
;%B9905729961063756^MsolcweGptccb^97111812841?6
;%B3181781105834970^CpylxevXalrkg^38085058106?8
;%B7335458563484043^KcxvielBpolak^22112805140?6
;%B6585216764156961^VnoeehwHhvvbw^92022308?8
;%B5382843268126697^IzbblppIccler^25038833?6
;%B3577326841746423^JkxdcdgVkhkxj^8304231154? 
;%B4706807483763132^XkcwljeWruudr^37086681218?1
;%B8012073376462254^GnumrgjEthfqn^88111603112?7
;%B8822157644673084^FpginffPjyxdv^7112977884?5
;%B5651866877959545^BlydfmeBdymqa^04092717?6
;%B4635750371045631^SuvvoiyJmrodp^32073042?1
;%B7615152156594023^EsncnorAsdrgu^9111713229?1
;%B8777314153132502^TpuvvrlNsyycv^7902440622?6
;%B2144431933123210^WsguonrIkummb^56116295? 
;%B4523212827376449^WkinskkOjxppo^4506122160?3
;%B5281567478918831^DubysqlAeyfme^47088889100?4
;%B8238621548878581^ItcvrerWckvht^2102717766?4
;%B5478287325787482^ImpdrvjQbfvke^02099522?1
;%B4457458209422632^KtibsvkHehdlt^1705239194?9
;%B5123686442872420^AvfmpmdTlijhb^5209648518?7
;%B4290643635716342^HdudkwbVcifjj^7112331478?3
;%B4186693217345245^NzitoeaJsdifq^7808677960?1
;%B3572229619438752^NfbncafNjtmfw^17071862?1
;%B6979795722831728^FkidbivIesexc^6205155989?6
;%B4605425758634223^MwxilrdOhmbkj^30115918188?5
;%B8950848483131650^GrocngjFeicny^46097582910?1
;%B6982725963079006^PcuzpfwOjknjr^17084062?6
;%B5388411844156177^CkbuwgaRwcmsh^6705303269?5
;%B7148957575793424^DdstbuyTupvjn^9205547718?2
;%B2849611044368478^XihcdhgIleweg^36029954124? 
;%B5885423745745337^GhantcjDbjzhz^86025422538?3
;%B3927858412204395^ToyihhdJqwbmy^36066081455?1
;%B5416463233814868^YzxeepnKfyyov^76114949058?8
;%B8251311142135105^MkqsjkyEpvvyy^15109312?1
;%B1049857565304892^PrctkxhRiklhl^71018978493?4
;%B2389983561141506^DazijnjScmdir^3111603766?6
;%B8687425778515647^QzelgtpFxuqlv^9207569678?6
;%B3731272150124413^LuxdxifQbdwqd^0604767439?7
;%B6328331081298174^DbrbfsgSmilrz^1002892451?6
;%B8272282228676539^SgjkvfjOyhkcb^24026264566?3
;%B9995527713423597^VobbrtzOxirud^7508453216?4
;%B8479318664537746^CctbwnmRyowbd^12044642901?5
;%B9725579085530111^WfgaydyAphwzr^67068927478?2
;%B8782414316445511^SylymugGjleps^30087477446?1
;%B4160668895619970^MoixattKusaey^0412946223?2
;%B4130507240203345^WcjcuevBiupvs^6706441525?6
;%B2621571316778217^SpuugrvKtepek^3405430523? 
;%B1796226719214210^FqqpbsePmznkl^90027349?6
;%B8684477685371863^IdlscmqVvqbdm^49048624738?4
;%B6133442285656262^FqnmqwnWdlgxi^93033734?1
;%B8834226947171455^EojidgrIutmvy^18041204?6
;%B5468048273550836^PslrvrnXgdbch^4009890956?5
;%B9297398867774132^NkytoqpQdqkqj^49029696861?1
;%B4885490738923154^RptuvzdWnduxv^37101832084? 
;%B3379333824697856^GmkkuveVhgqok^83101464?8
;%B7878593915321232^MbxorngXbxtfe^0610662856?2
;%B4056288513611812^UptwpnuWqgzpd^64061266?5
;%B3118680285440258^RcypwhyVbxfcu^2709751771?6
;%B6495708139173454^MqormtjDhfqpr^42124867?2
;%B6548169597889883^RkqbobnIfujit^5205384894?3
;%B7775311202240535^PxnixjzLrirkl^19064968952?8
;%B3212647824981643^VhwulurKzebmf^1903199720?8
;%B1515430427566632^FrbbeqdLucqvl^9706643905?1
;%B4183232076409870^DoeglcnAidevu^61063706?7
;%B7655827759184174^StciwkpVxwciv^39063285?5
;%B5981874231648282^FfququuPpfbwe^17119116362?2
;%B8720105113334839^PsyucqyTvbhvu^83114085031?4
;%B4174242465362364^StlmcrfVqtknw^3906460843?4
;%B5842253133932414^OiudltuFurtyx^52021553371?2
;%B3622275686636240^StnisdjXcksdu^4704905916?4
;%B8810836489245852^IsyvzmuWvxxte^70035378?8
;%B5826101425631558^IwcbqifQyhnuv^26073434716?4
;%B4898961625317234^XmdvybvUjsyee^83049375614?7
;%B5063879326112522^KsmikchJqfcvb^83066347992?7
;%B5890289048623959^BkdcwyiWvmkwt^7606624336?7
;%B7178328768948772^QpgqthrKidunl^24026636?3
;%B6722816776287585^IhebxbwUsgqfe^7406403943?2
;%B7712103618985096^UvbxctyRdysud^56038119561?3
;%B9932975873521966^PyixucfCbltxh^30031838?4
;%B9676166927188891^LmndeweVykemj^76064348?3
;%B8657153324729450^HnjrsmbMmdtej^28045981?4
;%B6594318570354056^SwikekzObupeh^6808196343?2
;%B8365555382614825^AcdriqcRsqpkh^2101911860?7
;%B7047416751104987^SvwwsqzGzcuiv^5410557758?2
;%B4548182125320442^VvdqqcqEiwuvv^1203463354?7
;%B9245303819321715^NmrmzwlQpamgt^4011918717?7
;%B8673203927151646^LtbtusdOcjvnd^15082096?5
;%B4347668841873697^DlohikyFyteev^8312584920?2
;%B9782201471380538^OsogfbbUsrpsu^89124852?2
;%B2888644752733595^ZrjxhyvRpmcyx^80074992?3
;%B1815386436977421^GxoirelKwtsid^90066444636?4
;%B2835452737533572^DqqtsujPmnfoc^50021691515?5
;%B3777611771776916^WndwjmsWclxxm^9708469580?2
;%B9107787141169575^KicjorsIjeihi^16104843?2
;%B2718928215593481^NoebxptOigxxi^40073855013?8
;%B3929404525473734^VcpiwfrGfiwei^93024313?6
;%B8761370557691531^EivpfggBwlfyg^7804888922?2
;%B9144288385953055^XpigrjeOtelyy^9108551407?5
;%B4158165114262641^AusmuiuCahrkt^56022698195?2
;%B7805823925763215^OckkxipCrcmzo^29087054?3
;%B8394274381016282^PxnztdwZabkup^6103175287?4
;%B8568433357329654^KnpgwftWzlyqi^0201458932?2
;%B5741716014746073^WihycksAdivsz^8909584510?7
;%B5334059844872144^EodwisvBanucp^94079423547?5
;%B7669828531244406^PrgenoaRdhlvi^8304545396?5
;%B4470767875544977^OyryiybXomjku^0708525295?7
;%B3581339475332337^UwuuvjwMrexrs^96094254830?1
;%B5883563434425391^FrelmrsTlnsya^04102051?3
;%B3055457374438541^CjqkyelEqvquk^68105021?6
;%B4446334785734668^TqgenerZpfgfc^11033077?3
;%B5972581535146467^QienwrnElpqxx^7709267579?1
;%B2361478849233756^VebkwdnAnlkwu^1006738991?8
;%B5115396532735842^PdwhdwvBechga^6806170392?6
;%B6697574417655719^TyskqnhAnzadl^5809812827?4
;%B7663706777442313^WcgsbgpPtdbnb^3011805192?5
;%B7276030838146736^UmhecmhWafloh^82079966?1
;%B2286160308327563^LikigsnMdarvi^53106198?3
;%B6845863078764902^ZdqeuskQhcimh^32064023616?2
;%B9335148334588832^BpwfnnrHqeivx^53073345?6
;%B3815479486653337^KelnzaoNxfhcj^10098681?6
;%B3168675366417777^PqpjoueFpnxhp^7412429783?9
;%B7787163068324745^OmhgodwGvaulr^0602632183?2
;%B8669546169885323^SwkpcvrEvmwbl^07089863?4
;%B2706368533528958^NkikyjoZglnwo^9102217334?1
;%B3005326582436810^ChicstuBiclgf^98091539461?1
;%B2293281409768283^IxvwrrhSpiqcx^1610989179?4
;%B7048728322234106^LnbvdedQeefbt^3702127897?3
;%B3615349351135644^YpenrgwDglpxe^2206807731?7
;%B9462237968885025^LobqkpiBjjeeb^9808730857?7
;%B6120222753314930^PczfdheBqgwui^6911316221?9
;%B4355879584566596^TdczsghPhnzyx^9804471879? 
;%B5184634062211758^VptkedtPwwzyh^65092826815?6
;%B8107523744611363^QmndgnrVxdsxa^8612868881?5
;%B3381627413345501^YiersfwPdpwhg^0908365440?5
;%B1623152934150384^BqpkxntHuqddb^4604704862?6
;%B5974333999607319^TiyigtgTixavn^90118725597? 
;%B2233366383258517^IkxrigoUrievl^1109595273?2
;%B6151561315641031^ImaivqkNkmdrt^97084473286?1
;%B1714956331323301^WoqycvkXrmkne^4907569412?8
;%B3876236194306179^RlojjruCqwilh^27095554153?1
;%B5912452284962418^GbglidiRxgjrr^92059399203?6
;%B2763443685547387^YscxtpcTrtvhf^88053844?2
;%B4115158435245124^QsrsaktXvhndn^8508752446?5
;%B1471694376138437^VniwsphKmnywv^4306595696?6
;%B7860187643871234^RrkgnbsYszolr^3504943311?5
;%B5468713057325824^XdortcmJljopv^6605522572?8
;%B6210252258754341^MwtjxccRlbbbp^03103636478?1
;%B9354379103398072^NwurhvkCryubu^2808155207?3
;%B6945331664211381^JafwbdrMhmcjl^54054188?2
;%B2489760603404871^OhhxvcuTyixzv^1205619682?1
;%B8725210686225632^EmsuobsQelxqw^72094852065?4
;%B1144885865101645^IubirdpPzbksl^1307686336?2
;%B7217364192752369^YccmvlhQodpyc^41085655?6
;%B5476277811911325^BevnqwtIeuvbq^14094534118?5
;%B2626184447458718^MewklzyOdgwwc^66045897798?9
;%B4452974548746032^ObsiwplByblfb^72013541629?4
;%B8717187398277855^JltoxlbNodceo^3012582335?7
;%B4647139473600745^ZrrdglhCduuhb^66079076?9
;%B7639656281692917^DjyndhwUmzovo^78094907?1
;%B7423400300057565^HvucbceUnmxtc^5008265579?1
;%B8310362343360113^PbnggmcXdrcov^2105518263?8
;%B2733211355343521^WqogwmaVvxxit^6510361793?8
;%B7287698144715579^VhlzpnzVjxhaf^56023484?8
;%B6283660456033543^ChoggddOiugrd^41054151794?8
;%B3379643212427057^PovxjteVccfoo^67026648656?7
;%B2736763209852827^QecrencVbixop^85032606?1
;%B5766785141777514^WabthunEkyuvg^0809191378? 
;%B4332744475048119^FkjdrqdGexnym^4202485140?5
;%B8885352762647388^UmrayheMoyvlh^20057308010?3
;%B9233312364089622^DwreudrOgsvev^59059878185?5
;%B7435910692126262^LafclukZpsjuz^23107973?7
;%B6505312360687471^SudhrjjFfqvbf^6204329383?3
;%B4667939158945524^RhwceyeLgjhhj^5607516870?1
;%B3484532376270542^ZjjdyuoQupjim^5710137556?7
;%B9131087443205370^RdzowjlWayiss^05102421?6
;%B5954348261467129^EkxnpatOmrqmd^39023325?9
;%B5277130712587831^HoprwrzZlimge^63046095064?1
;%B3758655708263845^GdiwqowIjiwfg^5408409501?6
;%B5329085637226326^NukccdlBwlhyd^44034443?7
;%B7815358389198770^PyistrsSeoqxd^16069617?1
;%B6728279817662847^YldhoteCdwxxs^00028973339?5
;%B7192794512844230^ClvcgebFmcgiz^41062678?5
;%B6821857847120147^GtdckebPejckb^67055226?6
;%B1863655585698379^JpkiplxNrealc^03065454707?3
;%B7784122318132120^HroigitNrjvvv^7908581998?7
;%B8807054187215346^LekwxmcJmiajf^06065794903?8
;%B9481472493654018^VldpoliBwknem^5104501993?8
;%B5821823353983905^KpvibgnDoujcp^01037587?4
;%B5688728767738738^YdbhhplJyxupx^0807743585?6
;%B2136386657844283^DvtqtopSsicxx^42046572450?6
;%B6763376535275955^KwapjiuDomguf^4104734553?6
;%B6174812456755405^VnxqjkrSrrcgi^6512174708?5
;%B7164438515391825^NdyqomyKyfpbu^1007563471?3
;%B7313657475453665^WoaxhowFoncoi^87032825?4
;%B6721404590626271^NfqfjqhWduqgl^2610565268?1
;%B5522791761407217^DhijucpTenofl^83095085?7
;%B8093192522768241^QsphegySodgmc^8910585845?6
;%B9844681214674083^ZfwvlosUuflrh^48026895?7
;%B4431554189933035^BgvdvptCwtdvq^9706887864?8
;%B1942567720741608^JwkaugkXlwmyg^44029804?6
;%B4188978828834692^KjavvvgOfgqbc^64109473?2
;%B8494127123596345^KtpapqqVtcgyy^90097312326?2
;%B8373068422354455^BsotpysCbhrkz^2807827181? 
;%B7779748653775378^RwageooRpkkhv^3812244278?3
;%B8497237342436367^OamqjwoLubyon^3609321615?5
;%B5706303942686173^RwyufctJugjju^4703174480?7
;%B5555526476241623^JlhqwejTixwva^5511267440?7
;%B2048335698110708^WrpixzmHaorde^74102227409?1
;%B6559234373552746^OxjokioQwsbpp^81033238?5
;%B3663641373768765^WogjvjtGfuoqt^79051456?2
;%B3211718662286735^PfuvrijYxnrhy^47027508910?4
;%B3153833472502515^DkmqiytMfzwth^9109479850?9
;%B9722311113122484^VlbjkasQfpvxr^0204817456?7
;%B7269731846579571^QrtnklmNriohg^92107354?4
;%B4189113387566821^XvywwpbVkqwls^2105869305?9
;%B5528620421437782^ZiehfhkXbwend^6110643478?3
;%B3329245112181669^LzlvmxrLaqqeg^65096695?5
;%B2127989081395304^StpwcruJpfhgd^8409540379?5
;%B5554367513926147^EokxyexFhdwml^8512409113?1
;%B7316785137380197^YvkjurjLbnchb^81101844069?4
;%B3106875352971161^HmtmcfoFbtqwm^05079786?3
;%B2321163625803168^YehjggqUrxpsi^3207651743?4
;%B6433174344454171^FsynlkrIeylnv^8304263390?8
;%B7731204148463841^DgxuwkfXvnuay^6305841894?3
;%B4838021820886306^MqogvbwHhvtgd^0610283142?5
;%B8442565129096495^CkrvyorVwjzmd^28061562?1
;%B6846666368946733^CnuewemXdfhib^1404549481?3
;%B8511254364446118^IaazdbiMrgncv^1309409529?1
;%B8643715974541898^PssxmrtUhpukq^8002656696?1
;%B2711589920367581^BllietfGtewrj^2103945853?3
;%B8155438628187151^CotyndkXyrbgh^68059166524?6
;%B9283373924512247^FceenpnNgmbwf^6911832505?1
;%B7375482810796787^TavnuogDpyond^8910591949?9
;%B2493670002383182^PbjtocmQikozc^3007686699?7
;%B3511748390428570^WpbtzenMwergv^77065052674?4
;%B7674035721971370^AdjbhtcOeojox^94048628194?6
;%B4717379364556197^CbwvvpdKegnmn^1510911878?4
;%B2123628874564289^CthucgcHqhyei^1610994567? 
;%B4127245964218149^FmeplsuVqltxb^07102041449?7
;%B5901889486412498^OrpvcjoExtoxt^76108557?3
;%B7832063375347407^TtxnxgjJpqknj^74115438?2
;%B7611175602439325^WnptkgjPooron^69057824?4
;%B6757145307625678^KffdmkiTulyzd^83128268324?8
;%B3974587917419672^LdeifqjEnykqq^82075267?6
;%B6388635637025142^CmwzfqxDzuqwl^9606741970?3
;%B2913778346229241^SpnjhchFzdiux^0607382635?8
;%B3891667993462871^PinhfblRhhlgs^7802564696?2
;%B6172836019401252^PnynvxhIimopb^33061363715?2
;%B2266616307355403^CfsqkgwUgjjiy^8204596509?8
;%B2458681316627642^LrouizlGfkfbs^15046651?5
;%B3963103361626524^QpwxdobFsjqhf^10056172?8
;%B8359327613133831^IefnwtsOshbyu^30076149830?2
;%B5640903320854763^ZdqytgqRparww^9203464809? 
;%B4749640789644823^HkiriosSfnsin^69043531?2
;%B5272285125518036^ZytkjssLufgwv^51082665?1
;%B3565102693782941^IzvvtoeLgrevk^26088765246?5
;%B4197416778813725^WgnaswwSvivyt^02069886163?4
;%B5383944264984493^LytfiynXxdgxu^8010435818?4
;%B8335694956738083^KeeixbdDzqbun^87102541958?8
;%B9690465225319306^YmswtptOqzfie^9602168530?4
;%B4152808722952940^XrxmmivXndsdq^2410289766?3
;%B1026881953433471^FdfimgjSbcvxh^9309480569?2
;%B1267654500656692^DfeuajmRlekfj^86048715?7
;%B5885515633884627^XrbiotfIsrsro^0402647414?2
;%B2385123352373477^MncblqmUmicyy^12099251925?1
;%B8833120938398592^LsuslxgWfijwb^88042289852?2
;%B2356867445238575^HnvrevhTgvcrd^80095134?4
;%B9427487404174713^MrbffvjJqtywi^4508758580?6
;%B2864858644965180^QcmzwlxMmgxgo^6605664607?3
;%B7573697812075254^BlctcvnCjjyth^8504614874?2
;%B2452867224212221^HchqucaFvmgnj^7006735367?1
;%B2856082325783367^BrcnntgMppdhn^6405686711?7
;%B7012228420494549^QgxzqivUjvdfp^3007749812?4
;%B6480366848471752^GwuxrksJfpkid^85096275?8
;%B7477355225674218^MzpjhuuKojaba^45049498?8
;%B7501296724145682^GvxiutmVtxrds^8003437849?9
;%B2753515081515386^JrzzjtqPrajtc^7708353291?4
;%B2693671784583578^TvqaxgcEqovrg^5503503178?5
;%B4040957587808173^LxdbupiNuqmvm^2509173924? 
;%B2523342285328417^XbjgbsxMgisxm^03034927? 
;%B7231951696476384^JhiwypdOeoywz^2606314896?3
;%B7028245192870181^RtkqdgaJrmoeo^98041993?5
;%B6122682134757382^XvtkmqoCewabl^79037908726?5
;%B7255426704216957^FfvfwxjFzkjrf^4111419780?5
;%B4214512070826327^DancfmlEsxobg^23042829997?2
;%B4597374463613034^YrwjbeiQddtdh^53118755672?8
;%B8718416694197811^JgnvcbcJvxpou^14042156?9
;%B8743927948882772^MhprbpdFbsjuv^11033069?6
;%B7411625239349311^BtwwmlnWmiggc^0602711795?5
;%B4483628252375052^IzyffsjRbbgjj^32109453871?6
;%B2500525667632455^PgwxnztMnmdco^4007575777?8
;%B2147275704677227^FinwbzdAkekql^1303589180?8
;%B9830818443761844^IvashocDwbxwj^23061511?6
;%B7303579484634565^ExxmjvqFcfhjs^0904730600?8
;%B6324668934278006^SppdbuuRutwdm^85076204?8
;%B3675387417156106^OxbsrwhOkodec^3608845514?3
;%B3201029881661171^EndldbwQoxvdj^2805864622?7
;%B3675614865833140^BfxhramPptdlh^27033257504?7
;%B2313386187434343^UjtbkppYewnbh^87082416996?6
;%B5348568554756960^NgmgjvbLlpnxa^52018447453?5
;%B4797644252655497^KrwthlgUfyjcu^74086618?5
;%B9971122972932388^IljsqupWvnmpi^19102328?1
;%B4538187961826034^UlbfqneDyrqmj^7201908459?7
;%B2611912547218028^RgugrgpYoyuvw^84119144?9
;%B9556483219107362^NrdkodzUdbkep^98117733?9
;%B6780164756510567^JirhfawOtprfs^3705384699?8
;%B6125825213356717^FhgxeljHkeuss^81067615?4
;%B7642818886868563^MeznmasNerqoe^1005710332?4
;%B1503887956720396^YjisditBzarzq^0510972896? 
;%B3353654147097617^YrrkzowPzgwcd^93064325079?4
;%B7276626629741516^IuexwuqLeawbv^07105354212?4
;%B5114097986385883^ZmbmzpcNhecpj^61023666?6
;%B2306113539637288^MeckhufGgosly^6909636870?4
;%B1225406756407547^BrbptloMzmjvx^5911662630? 
;%B2569872267517664^GdwkbrhAkexuv^1105650324? 
;%B8457421837349120^LirwvgoZpkkhg^3406728764? 
;%B6346200126802148^ZryljpoUrstiv^5503661916? 
;%B8518211664226117^QsptbjrFnpiut^65045108020?6
;%B7802830412667021^WyebanlYxqznf^0411255448?6
;%B8676054756966538^SvuuauyWuujnh^07092361675?6
;%B2171002223246891^CcedktqYkoiol^28043078134? 
;%B5606867317489356^VexbethKzwynb^9305645419?4
;%B4326064026637822^FyworqlSbkgvk^5410235964?4
;%B4392571030526644^MwnskunCnqoqw^31066984?8
;%B6431714998119143^QgingqtBhlfiw^43053096626?4
;%B6654448746759647^TnwupycSzbwwy^9209656886?6
;%B2087996781351625^PxgmxguRqnbkr^8408677337?5
;%B1014731183423347^LwjxgyyVsnpms^0502930301?4
;%B6555742702957351^NwjpzthGrrqpp^41055659?8
;%B9403208285814818^GbnafkfOfxcvn^9110957524?3
;%B6710438534846883^EugspuiOkktji^97054164?7
;%B6625942413760174^HygblzbLhwftx^23037296032?2
;%B4148263272146540^ZhlqkymRnxury^14022899016?3
;%B8624627859975869^GitfgbwBlmhsl^2512935833?1
;%B8966732936856187^CgrtoebMzravx^2705133520?3
;%B8243272790497263^OoqdrmrAonlzi^6910179400?6
;%B1164322778848166^YkgiogcDarcrf^29061913?8
;%B3937486738422468^QselqsyKikrbf^6004767900?3
;%B4395534660126158^SsbfdqtEifrzt^2006533873?3
;%B7121211732452223^CiffzvfJmabok^86104543?2
;%B8274845261219752^JjqsxqpYcnlrv^93102245745?8
;%B6745211619411384^UqfzshgUqxptc^00063426909?9
;%B2333617567558280^HeoquitLsmwuw^18011922401?3
;%B4547143260283679^FewcytzYkkssj^4803545917?3
;%B3184634658918033^EbhgbkzYuztvi^9111357946?3
;%B6305811877870892^WasqsuxMdmvno^2805920186?3
;%B3487637182767743^EqouzgnWwdkyr^7904869731?7
;%B4471361355428674^SarolefTmwwzd^45075783?1
;%B4872305143717033^NoivrcwJeowwn^6806679248?6
;%B1953386644462141^OtdfnshXfdkui^7705596892?8
;%B4852143872841932^HfwqivfVyelzo^85025952?4
;%B3258338459230886^XfppwugBhuias^87127801465?2
;%B3388160503517584^HnuunowCnkpla^7408385636?3
;%B5036322131142420^CgaptgeCpzmhp^12069505199?8
;%B5482670563165159^XpxbdriRhmryw^84109527?3
;%B3772632706252257^UfpxpjlVjqbqb^96107538890? 
;%B7016731154441340^EbkyimyDwqcis^68039114792?5
;%B1024416944145683^KoqmgreUiwwjt^4210673793?8
;%B3895450873488144^MnjmhnrEglgbs^2804426646?3
;%B6771174522261121^RujtguoVtadjf^2312644854?4
;%B5031144216088368^JthilgeUsdtgi^1904611444?7
;%B8595073857326639^SumwvuiJqssbt^4202575337?2
;%B6526878847648182^BwnvfmhYwpuyd^28051358?6
;%B7811331166378413^WbfwscfIjgafu^85118094868?1
;%B3113512476920826^RitczmcUbbqov^6505208998?3
;%B5528366912413820^ZtjlfhqUvhafa^37023013?4
;%B8511472505801550^RkivytkBmlmkp^1612408907?1
;%B1841122410989706^CfukzgxQtxjrt^81095852784?3
;%B9028762455594114^PhkcmidJrqmiy^4903179539?7
;%B5892273569627661^AomwxxqPugywq^01107934?6
;%B6648413344131042^HnmgnsvYncpql^80086601?8
;%B1346175637231269^LselivwVwxgqm^3304525125?5
;%B9927863746472197^LklhswgQlvpkj^24103187130?1
;%B7248555668374937^VneafteWtllwv^8604401552?8
;%B8340811235236301^WqtjtheCzdpgx^78067792566?1
;%B4816912674361078^GerbqqyFdwjgm^8506977252?8
;%B3888421783442162^NkghpdbHwnkcn^4202396860?1
;%B9397533239750844^DeeclyqPqwhss^9005919678?2
;%B4492684417647437^EhqswrbIlxmyr^9004326727? 
;%B5713817708824889^KulelhoDtvdsh^57055748936?6
;%B4247833683611635^YvkkokmUcritz^0606905284?4
;%B3664134135407847^KxctdhoOgvods^29106926?2
;%B6265568124171233^QownbqbXolpeh^8803342306?3
;%B3376903313372226^GohtljhEpfmbm^47096281798?2
;%B3422284773696240^QbpekurQtnhcn^02045556675?6
;%B4171574988579888^KquwuxcUehmgc^1705854445?6
;%B4241671208834368^SjvjbjsWwkbtv^74035428426?8
;%B6715338817810722^CihwqnlOpwbcd^68067129?5
;%B7444461266038387^OquiiwgOwiobo^1712334150?1
;%B3608653847391873^RvvjdmyYsigcw^33036068985?1
;%B2714470334001387^WjotketOkibfo^34093558?7
;%B6597625489376934^EjwbwwtVejqxx^1010858606?9
;%B2852273538385134^MsspxtnQyyuok^17099826?7
;%B5526846336407360^SkxaxodQendwr^65119345293?3
;%B8204581115271226^MuxsnflVqwnqu^77079726? 
;%B3372492158538751^BnikdxcOekjrf^3002513363?1
;%B7017557154132821^JpmigdxYksjmu^97063712?8
;%B3998729649318786^VrncxryUxblbv^1609385713?1
;%B1684595645340422^PmsntooHtjvpr^84022299?3
;%B1993961545158871^DvincxrYhywsn^22093927?2
;%B4462236331488141^UcxtcyxExswsq^1106546809?6
;%B5802572471315695^VkvdoxtYolkrf^1504355124?2
;%B9555586078752315^UhowspfOxblqx^73083099? 
;%B5562336565996562^CwfppiwDzyhct^6005860663?8
;%B4690373085380495^DzbopfqIzskld^15092275367?7
;%B1208222756443799^PdixlrpQmnbkr^2901977554?1
;%B7741485226637263^OytadxqOakspl^68027633?8
;%B5938033867122111^NvsceleXyyjsc^1711861657?1
;%B7004765516362302^NmfvgewWyytby^8608132874?6
;%B3435265521559527^EeleuskTkpdck^0004631406? 
;%B3680121558989165^EpbvtkhKftuul^5409531791?8
;%B7337341021172816^PcvmjevDpzysy^9709130531?1
;%B6848814471301945^ZhtcpqkXizmvx^1202887609?5
;%B7953877497523169^MkouvniChvevf^5305730770?3
;%B5627243375435936^ZxsqeyaLsdjgt^0310726692?2
;%B5056036763133664^OevktkxDexidk^0810668693?1
;%B2774338545341634^KjxiljfNaaxbc^9411939144?9
;%B7435818365776689^YvwtcvuOepmwy^0405454535?2
;%B7868787170485049^FhwcsrpDopmbm^05092584?8
;%B4147666468271347^HxrdzejBwykmi^7111915759?9
;%B4634204266001620^LydsryxTejfrp^98027897478?1
;%B7423741666417895^PhorgbkRcmxax^0305952691?9
;%B2701157532484145^MduocjhWlrxsn^33034793?2
;%B2794521147646867^YtbyqgtSvjjts^37081717?2
;%B2262558882047315^BvepllbNmlhct^98057081?4
;%B6767973675832348^XbebcfiIkrpjd^67113306?8
;%B7601801637767694^WtlvkubUmlmch^0901657918?7
;%B4949861479749856^HiubvceIoafps^86096631?4
;%B7583319022618845^SihcauyTlfzgx^98021542?6
;%B7854452674621666^VxbojwzWzfohf^0310507367?5
;%B5007446236359270^LjgeclfBplxct^72129592459?7
;%B8233148676061686^TlhtiiuTdyywg^1801136840? 
;%B4657059780186204^LfhvwknQsgumh^49033475?1
;%B4553558517616662^DmeupsiDtajue^37058093884?5
;%B3841231436958447^PknikbbCgrorp^2605898677?9
;%B8815097984578782^XilsmjkDktwmd^62045742?3
;%B4577833260476210^GcmcqbtGdnbjk^7605542959?3
;%B3914104133852017^YgqvbnhBrepoc^0602402332?2
;%B7380645486107164^XilxfvsNmqhgx^30044315?1
;%B5199262546464758^VprkfqnDobgbl^9210358926?6
;%B8592234817425054^GvwbxpdFprfid^99035343?3
;%B4478469565808578^AiayxsqWbvpxe^2605427758?8
;%B8422673656761074^SqgwirfOouuoq^0406216990?4
;%B4983784861667628^VemweonCdtsth^7605944994?7
;%B7813816190151612^DwlgdcuWueyis^3006854304?6
;%B1845786225178169^NilyvgnKgqcxf^90028318? 
;%B9674672516464045^AsjcdcnYfofir^41094096?6
;%B6355149451672771^XugklatTbsmwm^4102575713?2
;%B5636585187883851^MnlukowDfjbgh^5308928947?6
;%B6475417447398875^LblrueeEdkyxl^1508418933?2
;%B7811738260244875^QmgomgsUeunev^0805954911?8
;%B3911795226358345^GpeqadrFohemk^35057567?4
;%B2647561313491261^TnrcneiZjivjb^8602231523?1
;%B8467763884531439^RtkwtyyQvftni^1606718805?1
;%B6158895704654381^YkniahbIlwstr^92106534?6
;%B4534762899561391^JtjjbpfDqnmle^98055583?5
;%B6560231735640871^VodegvpOqlbbo^09081387203?9
;%B7726577771065816^StxkmtiYlwcyx^39043406?3
;%B7771517435836689^JzqyvgnBwenac^13039073174?3
;%B6878107560144682^IdefcuwZkupfp^13105031?5
;%B5533971963831582^YftcoeyNhmqdi^34013794?4
;%B8029540173854553^WeaafrfOaawzq^23077405837?2
;%B5885575166920395^XetgumzZrvjbe^7307782221?3
;%B5134257387256531^FkaeipuSqudjm^98022465386?5
;%B6279292474916645^MhrnljqTgpxuh^5201746511?5
;%B1477444165311119^EprwaplLjjvzb^38086816614?4
;%B2749388811865447^NuudoroTkoncd^2509435413?9
;%B8983274023412375^DytqkhtXwfwfx^75069652?6
;%B3332653242607825^BwgeegdYjrakp^82022666?9
;%B6614808323576336^HpmitogSaduln^8206506244?5
;%B1371478562208838^UctiyllBvypei^4405916988?7
;%B9150126341092268^QidzdudWhodjo^33087436143?9
;%B4224111967917674^CsopypmYnmsxw^47023557?5
;%B5231226323822282^DuszjwcBnlgnt^69032016?2
;%B5775043489132533^FpthywkIwplfk^1910645331?4
;%B1442727121538305^UbzxnrhPzbayo^54076194?9
;%B5912278227453751^TtsosktGsbyno^77072318?2
;%B7345054441974635^SqvhhdnLlrgtz^9502567562?5
;%B6447160140491561^JuhbghfNypjvh^6504943117?2
;%B6824386279282342^LyioookJkprwy^3711365385?5
;%B4784867424552233^OouaoxyXyrglr^38013779?1
;%B8474717181134138^RhgvhclEslheu^1502351326?3
;%B4113069615664491^ZavbixxUjmpsr^52056915?1
;%B5814427518850671^KkgsbsoDqrysi^6112289663?2
;%B3279993791879357^NsdmeceLpqicq^52059606594?1
;%B4214631588487713^EvfdlafWjsbxx^0101894481?1
;%B3957201141367218^SsbcyelIlpweb^3511398418?6
;%B5367392132143315^PbcemgwAdceth^03105315739?4
;%B2071728382265404^TbjzgnyHykywo^2709918847?8
;%B2731944063824630^RwnqctrKmttsw^4709833869?1
;%B5815744110722855^MjgwntiGsrngy^2907171821?1
;%B5059606697035511^NtxhrbvJyjhga^2005442540?4
;%B4542183347397783^ZlofdrlNxtfci^7005406627?1
;%B2114566768463971^PhnqcuvWykzat^3701169604?6
;%B8789392547813855^CngfdfbJujsiu^19046517?6
;%B8484032644061763^CfspuegIxeglh^50066117658?3
;%B5197562875247725^QrmmfekLpczav^61106596?3
;%B6879547032017644^YjdmmxaGzkkpj^1203903197?4
;%B9206139507804580^RbevvgnMxrbtr^52062253?4
;%B6798141858497346^EdicrpzDwlyqi^2105760538?3
;%B4541915519412065^WnjeqqeFwigni^56063713700? 
;%B3712626594900286^NejrbonJxnwqp^10053749994?8
;%B8617649462415560^FipdsvqNqgnmh^71052994?5
;%B3845014632785322^LsjrcfmSxdyyl^61051812?3
;%B6615834900532434^LpspxqwAsmlyd^71026088918?7
;%B7446632484933638^CnnpnunXgdaic^77027205360?3
;%B7928131129629947^RpwssdjCdwllb^41106229?2
;%B8481364824579634^CgvlqswShglvu^4403695902?7
;%B6493353184252338^HtykluqQcouwp^7901229897?1
;%B1248459496014237^HrvwrfbHdssld^2202644806?7
;%B8684379813823428^CclblbjQdnmbp^46101308073?1
;%B7332741912453079^QsneirsNawmal^5903552942?5
;%B6543615354673418^HgjmaxcFfkref^90079654?3
;%B7508382842897284^PbwhpmhFyugfb^71084974918?3
;%B1612444074603535^SblskpqUxfgkg^8412611729?6
;%B6326682860183987^TwycjfkEmvcid^4711288529?6
;%B3630854927187063^PihxdulXlizkt^1105851770?1
;%B4437744071143629^MilamuxDqycpg^23077703816?7
;%B6826258815457538^SikjozlPkcqwm^38066572?4
;%B7174231171582154^KlhysbrCvfayx^9404488426? 
;%B2528175332784434^QbjwltrYsnofm^12045858? 
;%B6411445334429780^DnqfmeuSsnppq^67083354?3
;%B2938233261011484^NqnbsiwLisvsx^31085683422?7
;%B6538924317555383^UemdrziUtsyup^82031265951?1
;%B6275967212682575^MutawnrGukjmb^4312114989?5
;%B6627070143485974^MpmhvsmNbygjh^54016526893?8
;%B7536232552512265^YymhwmrIkzsxo^6902153135?2
;%B6167182555499362^FtfxuycTneijg^18079759399?1
;%B9141623423532788^JqutsjxRussdd^1812869504?2
;%B3531969284867185^BoycnnqZllmkx^45085677866?6
;%B6451398595693653^JalygllZxcxqo^64108154605?4
;%B1205433652564763^SbylzcbPwqrrb^7906200188?5
;%B3828667152712144^UmvdryaXwmdlu^4310374458?6
;%B7645546741497474^BtkwufwOwwmvu^65038856266?9
;%B9626713885313467^NrykqmuWfipoy^60078378751?9
;%B4648361336698887^NtbvbngNekjzm^7705896970?6
;%B1515306636096328^MbvwkshXpuckf^84109701?8
;%B5988626149751302^QmhewewIzvelh^89042898802?2
;%B4252656127133058^AlsptlrZidwnc^24056655?6
;%B4811067376638149^TletibdDcsdjj^9504708129?2
;%B6352828338732767^KcfhfeuYwtqwe^3701937343?7
;%B2054858503297915^XpcznmuNkradx^6602563539?7
;%B8174751406958885^SlbqxqgFfekfn^8902584950?8
;%B9425463145749386^CmfwgxuVehmdo^77025759?5
;%B4383541211871807^TqfsfqgCvfrli^74102409?5
;%B4114667420787671^UsixtulOwnjkd^22027973959?4
;%B4986894073747790^HvghtjmSvrubc^29114613892?6
;%B8336854312643366^XmgdoltMywtjw^91023657?8
;%B2822980341892025^TkxohvvTrfihf^3009493727?7
;%B7772187784481264^UgpwedcOrxbyo^5405741497?8
;%B1427603835863577^BleklguWdqteu^58104154?5
;%B6166864749384599^XhydcseAhlsvt^1910910960?1
;%B3693824347246139^QybfbhrLrsezs^09063092100?2
;%B6332823594148837^VetpnhcIkzlie^5707986229?5
;%B3717282627407656^ItxqbsyLkvkup^26111917603?4
;%B2834461655345313^QxxqtqgPtebuc^54031716?1
;%B4463241178784235^DacigduCjpprs^1402841879?2
;%B6703839453214445^UngiehhIzgwbh^62023938218?8
;%B7456271045832851^CspxtnqLthfdq^21113012084?2
;%B7213962405703733^OoxnpgyCockzf^7607171964?6
;%B3762811365815904^OsvbkmkZeycms^91042291548?6
;%B8923075541415324^UxkhambBmvbhe^7610593360?8
;%B1856421345451763^MvwhhrbBxslgv^6301748666?2
;%B5211613021175733^LscolxuHxblmf^17033383875? 
;%B5743423804033843^YyogifcSkmkcq^77011594?3
;%B3888713959077835^HpkjhlcBeqmgy^32034073154?5
;%B8655422831897251^XtfqqsvGtxqhj^7612142808?1
;%B6732747103383871^XhesrosGkldjr^66028946?2
;%B7646882416188417^UnwmebvPhqpkk^64067033?1
;%B7633215125514183^IduyuocKggdow^32104993302?4
;%B2437154852118371^LububipEiqgjj^12021612?4
