Id;RecruitmentId;CandidateId;ApplicationDate;Quantity
;394;220;2022-10-29;1
;27;97;2023-02-22;1
;233;957;2022-05-10;1
;159;683;2022-09-02;1
;160;994;2022-09-23;1
;10;280;2023-10-10;1
;237;452;2023-12-24;1
;371;295;2022-10-24;1
;283;914;2022-12-17;1
;440;249;2023-10-19;1
;25;840;2023-03-05;1
;471;236;2022-12-16;1
;364;347;2022-08-07;1
;205;923;2022-11-01;1
;152;54;2022-11-15;1
;81;7;2023-09-11;1
;437;139;2023-09-17;1
;117;968;2022-08-19;1
;364;854;2023-05-02;1
;48;54;2022-11-14;1
;275;148;2024-02-24;1
;140;681;2022-04-25;1
;73;737;2022-09-27;1
;40;325;2023-07-01;1
;495;39;2022-09-03;1
;458;326;2022-07-28;1
;32;491;2023-10-22;1
;460;963;2022-06-13;1
;96;794;2022-10-01;1
;218;932;2022-07-21;1
;274;319;2022-11-01;1
;314;723;2022-09-30;1
;8;822;2022-11-12;1
;251;991;2023-01-26;1
;6;472;2023-04-01;1
;109;639;2023-01-29;1
;499;851;2022-04-14;1
;139;680;2023-09-15;1
;34;849;2022-10-14;1
;312;181;2022-10-09;1
;496;228;2022-03-20;1
;108;410;2023-06-13;1
;353;497;2022-08-23;1
;162;318;2023-02-01;1
;500;676;2022-05-27;1
;492;915;2023-05-08;1
;176;220;2023-08-02;1
;11;648;2023-04-22;1
;99;965;2023-08-11;1
;411;135;2022-06-26;1
;401;649;2023-09-26;1
;336;380;2022-05-23;1
;223;83;2023-11-16;1
;31;932;2023-04-26;1
;177;67;2023-03-09;1
;435;476;2023-10-01;1
;404;824;2023-06-21;1
;305;114;2023-12-05;1
;396;637;2022-04-07;1
;258;904;2023-09-25;1
;423;342;2023-04-13;1
;278;795;2023-03-21;1
;471;947;2023-08-04;1
;170;788;2023-12-18;1
;168;22;2022-05-05;1
;211;857;2023-12-18;1
;42;721;2023-02-08;1
;133;201;2022-10-21;1
;397;364;2023-08-14;1
;32;724;2022-08-19;1
;332;473;2022-12-13;1
;357;196;2022-05-02;1
;281;91;2024-02-28;1
;111;807;2024-02-21;1
;41;651;2022-05-20;1
;369;320;2022-11-11;1
;250;271;2022-03-27;1
;158;988;2023-06-27;1
;222;343;2022-10-08;1
;247;486;2023-04-10;1
;292;903;2024-03-04;1
;212;382;2023-06-04;1
;183;315;2023-11-11;1
;434;855;2023-07-17;1
;112;63;2023-01-22;1
;468;142;2024-01-19;1
;182;292;2024-03-03;1
;111;979;2023-08-13;1
;498;703;2022-10-27;1
;281;129;2022-10-01;1
;93;45;2023-12-04;1
;478;561;2023-04-12;1
;499;876;2022-08-11;1
;148;362;2024-01-03;1
;108;798;2023-08-21;1
;283;807;2023-02-12;1
;449;427;2023-04-10;1
;330;571;2022-08-23;1
;80;208;2022-08-26;1
;246;249;2022-06-18;1
;421;128;2023-01-07;1
;144;691;2022-05-03;1
;343;22;2023-11-10;1
;215;189;2023-12-09;1
;64;146;2022-07-23;1
;186;966;2022-05-08;1
;478;529;2022-05-13;1
;411;292;2023-07-14;1
;323;678;2023-05-04;1
;453;672;2023-11-29;1
;287;232;2023-12-10;1
;351;595;2023-04-23;1
;146;108;2023-03-23;1
;469;186;2023-06-10;1
;499;992;2023-01-24;1
;55;699;2022-04-19;1
;117;857;2022-10-23;1
;362;31;2023-10-31;1
;325;788;2022-05-23;1
;151;768;2023-11-30;1
;164;278;2023-05-07;1
;441;128;2023-01-31;1
;390;269;2024-02-17;1
;372;171;2023-12-16;1
;128;376;2022-11-07;1
;333;68;2023-05-11;1
;308;237;2024-01-31;1
;297;427;2023-04-22;1
;400;749;2023-08-05;1
;230;350;2023-11-06;1
;321;889;2022-05-27;1
;28;213;2023-12-10;1
;250;610;2022-05-31;1
;98;184;2023-05-16;1
;438;930;2023-12-23;1
;422;179;2023-07-02;1
;113;984;2023-03-13;1
;445;558;2023-12-18;1
;245;501;2023-06-12;1
;399;820;2023-02-16;1
;22;122;2022-10-09;1
;105;950;2022-05-02;1
;399;626;2022-10-19;1
;173;506;2023-10-22;1
;403;903;2023-07-27;1
;18;810;2023-07-03;1
;227;881;2023-03-25;1
;346;65;2023-08-25;1
;499;403;2024-03-06;1
;160;30;2023-02-20;1
;231;779;2023-07-11;1
;300;958;2023-03-18;1
;153;303;2023-05-12;1
;497;407;2022-04-20;1
;130;85;2023-06-15;1
;477;503;2022-07-18;1
;278;423;2023-09-12;1
;214;43;2023-11-27;1
;378;543;2023-05-18;1
;338;275;2024-01-16;1
;414;426;2022-08-14;1
;409;272;2023-11-18;1
;17;662;2024-02-15;1
;150;461;2023-10-22;1
;197;455;2024-01-15;1
;487;930;2023-11-24;1
;114;243;2023-08-14;1
;247;574;2022-09-09;1
;82;862;2023-11-20;1
;101;415;2023-05-03;1
;65;976;2023-02-25;1
;173;834;2022-07-30;1
;39;580;2024-01-06;1
;277;935;2023-11-24;1
;175;840;2022-03-20;1
;244;638;2023-01-06;1
;29;274;2022-04-24;1
;164;254;2023-06-05;1
;307;333;2023-08-09;1
;320;203;2022-12-27;1
;18;944;2022-11-04;1
;409;254;2022-11-02;1
;133;138;2023-10-30;1
;79;680;2022-09-19;1
;121;654;2022-08-14;1
;431;918;2023-03-16;1
;453;331;2022-09-12;1
;455;663;2023-04-08;1
;42;384;2023-08-05;1
;180;946;2023-08-16;1
;483;854;2022-10-27;1
;193;111;2022-09-12;1
;111;929;2022-07-19;1
;117;59;2023-01-28;1
;429;373;2022-07-04;1
;395;838;2022-12-01;1
;3;714;2022-08-05;1
;417;71;2023-05-09;1
;212;916;2024-01-27;1
;175;233;2022-08-03;1
;389;17;2023-05-01;1
;313;72;2023-09-29;1
;105;699;2022-12-18;1
;202;197;2022-12-23;1
;175;123;2022-04-29;1
;3;532;2022-12-19;1
;444;426;2022-12-04;1
;366;449;2023-09-20;1
;467;314;2023-01-06;1
;489;260;2023-02-25;1
;425;100;2022-05-29;1
;390;229;2022-11-08;1
;5;868;2023-05-04;1
;59;934;2023-02-22;1
;144;743;2023-09-03;1
;396;296;2023-05-21;1
;296;366;2023-08-15;1
;112;480;2023-09-22;1
;491;103;2022-11-18;1
;151;592;2022-06-20;1
;210;806;2023-06-01;1
;351;54;2022-05-27;1
;450;976;2023-04-02;1
;119;740;2024-03-16;1
;338;213;2024-03-01;1
;461;237;2023-06-13;1
;113;337;2022-12-01;1
;108;616;2023-11-08;1
;36;433;2022-10-31;1
;367;966;2022-07-12;1
;311;312;2022-04-24;1
;401;786;2023-06-14;1
;21;44;2022-08-13;1
;40;344;2023-08-17;1
;71;330;2023-05-27;1
;358;485;2023-03-09;1
;231;817;2023-09-27;1
;168;842;2022-12-24;1
;256;300;2023-12-31;1
;107;632;2023-09-18;1
;81;546;2022-12-08;1
;255;570;2022-05-17;1
;53;158;2022-03-22;1
;83;701;2023-04-13;1
;59;908;2023-08-21;1
;433;168;2022-08-05;1
;55;566;2023-11-23;1
;15;224;2022-10-06;1
;44;768;2022-12-25;1
;288;287;2022-07-12;1
;263;468;2022-10-18;1
;442;193;2022-11-14;1
;360;755;2022-06-17;1
;59;846;2024-02-17;1
;445;820;2022-09-18;1
;43;889;2022-06-20;1
;422;351;2023-12-28;1
;216;886;2023-06-21;1
;441;223;2022-04-24;1
;90;768;2024-03-04;1
;234;183;2023-03-22;1
;293;250;2022-08-18;1
;397;462;2023-02-23;1
;78;847;2022-08-11;1
;483;489;2022-10-08;1
;94;337;2023-07-12;1
;484;108;2023-10-26;1
;435;855;2023-03-24;1
;232;912;2024-01-22;1
;410;532;2023-10-18;1
;297;889;2023-02-17;1
;224;789;2023-01-05;1
;332;946;2022-05-14;1
;162;863;2023-02-19;1
;184;160;2022-11-20;1
;175;456;2022-05-31;1
;309;951;2023-12-28;1
;299;964;2022-03-28;1
;118;78;2022-04-12;1
;450;931;2022-06-28;1
;248;607;2024-01-06;1
;80;600;2023-12-12;1
;466;297;2023-01-27;1
;496;137;2022-07-31;1
;247;608;2022-08-20;1
;92;864;2023-09-20;1
;220;949;2022-10-09;1
;490;374;2024-02-08;1
;342;161;2022-05-16;1
;22;23;2023-04-15;1
;223;64;2022-10-05;1
;472;325;2023-06-17;1
;427;686;2023-05-21;1
;41;634;2022-06-21;1
;425;651;2023-11-04;1
;124;3;2023-01-31;1
;410;295;2022-05-10;1
;294;685;2022-04-21;1
;325;486;2022-08-24;1
;403;794;2023-05-03;1
;290;495;2022-08-04;1
;207;731;2023-01-28;1
;421;165;2022-10-24;1
;101;363;2024-03-06;1
;362;681;2022-12-21;1
;398;816;2023-10-24;1
;320;685;2023-02-10;1
;334;776;2023-05-19;1
;227;85;2022-11-22;1
;96;640;2023-08-29;1
;185;401;2023-05-01;1
;283;371;2023-10-24;1
;299;93;2022-04-12;1
;427;568;2022-05-21;1
;362;323;2023-05-12;1
;117;180;2023-12-05;1
;192;8;2023-09-28;1
;138;810;2022-10-26;1
;315;32;2022-08-21;1
;439;380;2024-01-16;1
;496;669;2022-07-30;1
;133;276;2023-06-25;1
;157;876;2023-04-12;1
;477;842;2023-07-19;1
;353;512;2023-11-20;1
;202;852;2023-06-27;1
;492;392;2022-05-30;1
;195;767;2023-12-13;1
;354;720;2023-06-01;1
;389;146;2023-04-27;1
;180;643;2024-02-06;1
;380;638;2023-07-21;1
;358;848;2023-07-22;1
;460;877;2023-08-16;1
;6;673;2023-09-06;1
;134;423;2022-10-01;1
;435;583;2023-06-16;1
;298;484;2022-12-26;1
;207;541;2022-11-24;1
;4;281;2023-11-27;1
;314;187;2023-03-06;1
;241;111;2022-11-02;1
;124;222;2022-04-16;1
;25;527;2023-06-25;1
;282;37;2023-09-25;1
;344;149;2022-04-19;1
;379;52;2022-07-26;1
;238;500;2024-02-25;1
;348;417;2024-01-12;1
;36;123;2022-06-24;1
;21;665;2023-05-03;1
;93;850;2023-07-21;1
;317;423;2023-07-30;1
;178;388;2023-11-03;1
;495;673;2023-02-11;1
;270;754;2024-01-26;1
;78;123;2022-04-12;1
;93;665;2022-07-03;1
;31;563;2022-10-17;1
;119;383;2023-08-02;1
;371;570;2023-04-24;1
;93;52;2022-10-15;1
;9;837;2022-08-01;1
;41;733;2022-07-26;1
;175;181;2022-06-29;1
;148;507;2022-09-30;1
;325;658;2023-02-23;1
;83;178;2023-08-13;1
;202;964;2022-12-05;1
;189;526;2023-09-28;1
;301;240;2023-08-12;1
;302;15;2022-03-20;1
;58;816;2024-02-26;1
;184;813;2023-04-16;1
;108;334;2023-05-23;1
;27;648;2023-09-26;1
;443;166;2023-01-14;1
;164;379;2022-12-29;1
;199;13;2022-08-15;1
;375;436;2022-04-21;1
;403;925;2022-07-23;1
;163;879;2023-07-23;1
;325;170;2022-11-24;1
;227;493;2023-04-17;1
;193;990;2022-06-22;1
;213;507;2022-11-13;1
;158;70;2022-10-27;1
;406;761;2022-06-05;1
;262;108;2022-12-08;1
;261;118;2022-04-18;1
;453;65;2022-10-11;1
;271;634;2023-11-03;1
;436;22;2022-08-12;1
;357;444;2023-12-25;1
;391;590;2023-05-22;1
;333;459;2023-08-08;1
;498;35;2024-01-16;1
;127;590;2022-03-21;1
;294;746;2022-05-02;1
;445;460;2023-01-28;1
;162;885;2023-01-23;1
;283;17;2022-11-01;1
;223;543;2023-12-03;1
;194;451;2022-07-08;1
;464;8;2023-11-15;1
;472;461;2022-08-15;1
;219;681;2023-09-18;1
;74;539;2023-10-12;1
;241;485;2024-02-02;1
;104;95;2023-05-11;1
;342;793;2023-02-15;1
;406;754;2022-04-22;1
;321;485;2023-05-12;1
;98;679;2022-04-18;1
;442;547;2022-09-10;1
;303;529;2022-08-01;1
;470;66;2023-10-09;1
;356;151;2022-08-10;1
;426;502;2022-03-23;1
;31;651;2022-12-05;1
;105;537;2022-11-10;1
;20;505;2023-01-06;1
;184;947;2023-10-16;1
;37;117;2022-08-03;1
;345;863;2023-11-27;1
;240;862;2022-11-05;1
;137;87;2022-12-06;1
;191;575;2023-07-06;1
;396;561;2024-03-07;1
;291;458;2022-05-11;1
;392;824;2022-08-29;1
;230;348;2022-09-01;1
;495;708;2023-07-01;1
;171;470;2023-04-22;1
;496;53;2022-06-22;1
;318;400;2022-06-11;1
;237;956;2023-07-02;1
;413;438;2023-06-27;1
;212;770;2022-11-01;1
;488;8;2023-02-18;1
;335;158;2023-09-01;1
;181;924;2022-10-08;1
;68;925;2023-01-30;1
;302;925;2022-12-23;1
;325;599;2024-03-16;1
;373;846;2022-10-23;1
;47;289;2022-03-28;1
;79;177;2023-05-26;1
;197;869;2023-03-14;1
;93;886;2023-05-10;1
;460;750;2023-07-01;1
;354;110;2023-07-07;1
;312;870;2024-01-31;1
;49;19;2023-05-28;1
;359;706;2022-07-13;1
;345;723;2023-01-05;1
;275;486;2022-07-16;1
;176;201;2022-05-22;1
;370;932;2023-05-13;1
;240;202;2022-04-13;1
;327;601;2022-11-26;1
;75;435;2023-02-13;1
;478;423;2023-02-14;1
;313;349;2022-09-25;1
;140;677;2022-12-17;1
;367;597;2024-01-26;1
;107;747;2022-09-13;1
;34;98;2023-10-28;1
;435;73;2023-04-09;1
;119;755;2024-03-17;1
;215;260;2023-02-07;1
;243;267;2022-12-01;1
;48;800;2023-05-06;1
;176;447;2023-04-06;1
;179;403;2022-10-06;1
;480;527;2023-01-01;1
;54;853;2023-02-21;1
;236;19;2023-12-17;1
;92;149;2022-12-20;1
;488;559;2022-06-23;1
;376;859;2023-08-18;1
;417;386;2023-09-16;1
;426;400;2024-02-07;1
;151;830;2023-09-18;1
;190;414;2023-10-11;1
;468;113;2024-03-11;1
;487;609;2023-09-05;1
;446;711;2022-08-12;1
;341;567;2023-11-26;1
;388;380;2022-04-07;1
;350;562;2022-08-30;1
;238;219;2022-11-28;1
;125;459;2023-09-20;1
;67;461;2022-07-08;1
;223;6;2022-12-25;1
;324;865;2022-09-07;1
;255;490;2023-07-10;1
;151;389;2022-09-11;1
;414;682;2023-04-20;1
;476;877;2023-10-08;1
;482;13;2023-09-05;1
;167;831;2023-02-10;1
;317;60;2022-04-14;1
;399;860;2023-11-12;1
;451;316;2023-06-03;1
;317;29;2023-09-01;1
;358;583;2022-06-05;1
;461;64;2023-07-14;1
;307;993;2023-12-28;1
;401;278;2022-04-08;1
;163;271;2023-03-29;1
;261;348;2022-03-29;1
;53;303;2023-12-17;1
;137;118;2023-08-19;1
;362;193;2023-08-28;1
;494;337;2023-05-25;1
;226;89;2023-06-06;1
;495;501;2023-09-12;1
;182;494;2022-11-26;1
;485;898;2024-03-01;1
;122;979;2023-11-25;1
;140;308;2023-01-29;1
;277;954;2023-07-25;1
;482;586;2022-11-25;1
;428;329;2023-10-15;1
;47;664;2023-09-21;1
;158;768;2022-05-07;1
;164;328;2022-05-22;1
;379;159;2022-09-29;1
;112;829;2022-10-07;1
;185;769;2023-09-30;1
;279;151;2022-08-12;1
;441;821;2022-10-07;1
;23;149;2022-11-04;1
;32;46;2024-02-22;1
;101;137;2022-05-25;1
;330;196;2022-10-31;1
;348;396;2024-03-08;1
;223;349;2022-12-18;1
;492;743;2022-12-26;1
;266;840;2022-10-10;1
;176;797;2023-08-30;1
;121;794;2023-01-02;1
;162;341;2023-08-23;1
;245;543;2023-10-10;1
;423;722;2022-09-23;1
;137;851;2023-03-08;1
;173;956;2022-04-16;1
;244;836;2022-12-31;1
;103;521;2023-11-11;1
;473;661;2024-01-06;1
;92;228;2023-04-09;1
;223;606;2022-04-22;1
;237;309;2022-08-24;1
;397;613;2022-11-30;1
;437;916;2022-11-16;1
;93;33;2023-11-10;1
;383;15;2023-12-25;1
;360;146;2023-05-12;1
;301;490;2023-01-24;1
;132;563;2023-09-08;1
;124;14;2023-06-18;1
;281;284;2022-08-11;1
;212;116;2022-12-06;1
;373;663;2024-02-22;1
;155;294;2022-10-14;1
;114;621;2022-07-23;1
;315;319;2022-07-21;1
;462;979;2024-01-03;1
;110;663;2022-09-03;1
;297;64;2022-08-19;1
;466;163;2022-11-22;1
;153;129;2022-12-15;1
;166;18;2023-12-03;1
;423;875;2023-12-04;1
;74;97;2023-05-26;1
;37;933;2022-11-11;1
;268;24;2023-06-29;1
;211;187;2022-04-10;1
;389;473;2023-05-08;1
;108;866;2024-02-02;1
;479;1;2022-06-02;1
;39;415;2022-05-26;1
;68;163;2023-10-17;1
;31;510;2022-09-29;1
;269;26;2022-08-26;1
;196;663;2023-02-07;1
;225;425;2024-02-13;1
;71;126;2022-09-11;1
;212;808;2024-03-06;1
;81;535;2022-12-28;1
;185;988;2023-05-13;1
;264;692;2023-08-20;1
;66;238;2023-04-24;1
;135;95;2023-09-27;1
;453;972;2023-08-09;1
;123;563;2022-08-20;1
;284;389;2023-08-16;1
;268;566;2023-09-03;1
;327;167;2024-01-20;1
;213;785;2022-08-27;1
;316;133;2023-03-24;1
;128;83;2023-12-25;1
;379;49;2022-08-04;1
;6;178;2024-02-29;1
;230;561;2022-09-05;1
;293;458;2022-11-19;1
;100;125;2023-03-14;1
;249;593;2023-11-01;1
;410;653;2023-04-30;1
;434;958;2023-09-26;1
;221;599;2023-04-25;1
;220;183;2022-07-04;1
;86;85;2023-01-04;1
;351;275;2022-05-18;1
;303;98;2023-09-28;1
;338;503;2022-10-21;1
;477;518;2024-01-02;1
;226;802;2023-11-05;1
;26;673;2023-04-09;1
;381;573;2023-09-08;1
;431;797;2022-04-04;1
;130;747;2023-01-12;1
;452;521;2023-04-15;1
;283;157;2023-04-15;1
;350;111;2023-07-06;1
;238;992;2022-08-27;1
;419;640;2022-11-20;1
;135;38;2023-04-07;1
;458;654;2022-11-05;1
;68;52;2023-09-02;1
;214;141;2022-04-21;1
;461;72;2023-12-05;1
;15;851;2023-12-10;1
;102;693;2022-10-10;1
;288;250;2023-08-26;1
;203;253;2022-04-01;1
;168;54;2022-04-13;1
;385;7;2024-01-18;1
;301;604;2024-02-17;1
;241;957;2024-01-25;1
;243;789;2023-09-19;1
;31;963;2023-12-07;1
;10;670;2022-05-05;1
;30;681;2023-06-05;1
;240;262;2023-08-15;1
;48;226;2022-07-25;1
;214;382;2023-02-22;1
;62;995;2024-03-14;1
;458;547;2023-08-31;1
;212;24;2023-06-26;1
;363;542;2022-09-18;1
;224;726;2022-08-04;1
;253;215;2023-05-12;1
;47;628;2022-10-07;1
;146;958;2023-05-24;1
;361;18;2022-09-08;1
;451;540;2023-09-28;1
;440;783;2023-05-30;1
;360;738;2023-12-12;1
;328;722;2023-09-27;1
;78;853;2022-04-19;1
;248;807;2024-01-22;1
;225;894;2023-10-19;1
;466;179;2023-04-07;1
;349;204;2022-12-06;1
;99;322;2023-10-12;1
;170;909;2023-07-09;1
;29;356;2023-11-25;1
;427;404;2022-08-05;1
;133;505;2022-08-27;1
;14;104;2022-05-03;1
;375;322;2022-11-13;1
;483;533;2023-02-27;1
;463;640;2023-09-23;1
;33;220;2024-02-10;1
;405;618;2023-09-02;1
;468;187;2023-04-13;1
;373;159;2024-02-17;1
;375;883;2023-12-05;1
;304;525;2022-12-29;1
;249;949;2022-04-09;1
;413;771;2024-01-21;1
;198;272;2023-01-18;1
;44;591;2023-07-16;1
;26;866;2022-07-12;1
;231;582;2022-07-21;1
;122;48;2023-05-22;1
;23;123;2023-02-28;1
;473;538;2022-07-24;1
;379;74;2023-07-23;1
;92;683;2023-04-25;1
;35;912;2023-01-25;1
;256;332;2022-06-19;1
;299;833;2022-07-06;1
;343;193;2022-04-02;1
;455;326;2022-04-10;1
;198;156;2022-08-30;1
;233;233;2023-03-05;1
;478;275;2024-01-06;1
;223;288;2022-10-03;1
;453;874;2022-07-31;1
;184;549;2023-07-28;1
;437;220;2023-07-02;1
;462;629;2023-05-19;1
;492;185;2023-11-19;1
;482;955;2022-05-05;1
;441;329;2023-12-21;1
;108;287;2022-03-28;1
;311;107;2022-09-21;1
;479;388;2022-07-02;1
;43;855;2023-09-13;1
;305;960;2022-04-22;1
;389;320;2023-01-23;1
;154;641;2023-11-09;1
;353;801;2023-09-07;1
;294;131;2022-12-21;1
;73;154;2022-09-26;1
;271;927;2023-09-16;1
;177;333;2023-09-03;1
;176;587;2022-12-26;1
;343;609;2023-06-12;1
;170;281;2022-11-14;1
;5;156;2023-07-17;1
;411;131;2023-09-10;1
;488;997;2022-08-31;1
;490;683;2023-01-18;1
;359;816;2022-07-02;1
;248;514;2023-11-26;1
;232;657;2022-08-22;1
;94;491;2022-11-21;1
;71;911;2022-05-05;1
;432;19;2022-12-16;1
;329;131;2024-03-03;1
;34;846;2023-02-15;1
;35;70;2022-10-21;1
;7;998;2023-03-29;1
;235;151;2022-04-18;1
;278;439;2023-07-31;1
;392;401;2022-05-15;1
;333;961;2023-09-12;1
;368;794;2023-02-04;1
;460;403;2022-11-16;1
;444;356;2022-05-13;1
;344;186;2023-04-15;1
;175;280;2023-01-14;1
;242;914;2022-12-18;1
;197;722;2022-10-07;1
;138;68;2023-02-27;1
;146;330;2022-05-30;1
;259;923;2022-06-22;1
;154;891;2023-04-24;1
;487;747;2022-05-14;1
;447;653;2024-03-08;1
;135;39;2024-02-02;1
;494;552;2023-05-13;1
;241;393;2023-09-08;1
;356;957;2023-05-31;1
;371;570;2022-11-21;1
;18;774;2023-04-17;1
;85;376;2023-04-04;1
;41;414;2022-05-05;1
;398;193;2022-08-27;1
;45;486;2023-06-13;1
;265;721;2022-06-21;1
;410;523;2024-01-13;1
;218;68;2023-04-14;1
;452;491;2023-12-10;1
;78;765;2023-09-27;1
;395;339;2023-06-30;1
;188;667;2023-01-18;1
;241;169;2023-01-08;1
;70;252;2022-05-07;1
;78;553;2023-07-29;1
;2;994;2024-01-16;1
;254;631;2023-12-26;1
;491;746;2023-07-29;1
;397;944;2023-03-23;1
;429;780;2022-04-30;1
;6;172;2023-07-09;1
;288;244;2022-03-31;1
;104;819;2022-05-04;1
;230;594;2022-12-06;1
;59;794;2022-05-10;1
;207;65;2023-02-18;1
;6;368;2022-10-09;1
;477;839;2023-11-14;1
;309;576;2023-09-10;1
;490;698;2022-08-30;1
;44;523;2023-10-24;1
;158;252;2022-11-26;1
;364;109;2024-01-03;1
;485;723;2023-01-13;1
;386;544;2022-12-21;1
;191;342;2023-10-26;1
;213;33;2023-12-27;1
;275;230;2024-02-16;1
;4;444;2023-05-07;1
;322;722;2024-01-26;1
;24;761;2023-04-15;1
;402;714;2023-01-13;1
;489;721;2023-01-04;1
;126;63;2023-05-01;1
;100;860;2022-11-02;1
;14;537;2022-10-26;1
;202;531;2022-12-18;1
;426;649;2022-05-06;1
;290;102;2023-04-15;1
;420;654;2024-02-28;1
;155;983;2022-06-16;1
;263;283;2022-08-08;1
;54;598;2022-03-27;1
;286;519;2022-07-24;1
;238;751;2024-02-19;1
;314;727;2022-07-06;1
;33;24;2022-10-25;1
;364;28;2022-12-02;1
;83;575;2023-06-30;1
;284;199;2023-08-03;1
;196;290;2024-01-20;1
;18;119;2023-04-24;1
;414;628;2023-01-29;1
;431;138;2023-02-02;1
;10;895;2023-09-08;1
;165;210;2023-11-11;1
;288;696;2022-07-04;1
;55;431;2022-10-22;1
;449;14;2024-02-10;1
;117;81;2024-01-09;1
;363;644;2022-05-30;1
;59;803;2022-10-12;1
;468;905;2023-07-11;1
;441;226;2022-04-30;1
;488;393;2023-01-16;1
;160;403;2022-06-06;1
;493;697;2023-05-17;1
;94;562;2023-12-13;1
;192;518;2023-07-11;1
;336;396;2023-08-27;1
;254;795;2023-07-19;1
;273;714;2022-09-15;1
;283;740;2023-01-14;1
;416;691;2023-07-09;1
;435;478;2022-07-28;1
;12;390;2023-10-07;1
;497;243;2022-09-01;1
;181;717;2023-10-31;1
;97;638;2023-07-05;1
;340;105;2023-09-01;1
;155;401;2023-03-19;1
;83;750;2023-08-12;1
;74;556;2022-03-21;1
;466;30;2023-07-07;1
;65;634;2022-09-26;1
;151;902;2024-01-31;1
;192;741;2023-07-29;1
;58;11;2022-12-27;1
;104;343;2023-06-20;1
;285;430;2022-10-24;1
;181;290;2023-10-11;1
;305;431;2022-11-11;1
;234;662;2023-02-12;1
;273;414;2023-06-09;1
;470;565;2024-02-06;1
;71;339;2023-09-26;1
;142;860;2023-06-10;1
;191;643;2023-10-09;1
;330;497;2023-07-05;1
;274;526;2022-04-18;1
;164;343;2023-04-06;1
;320;574;2023-02-17;1
;333;531;2023-01-06;1
;110;986;2023-01-30;1
;151;977;2022-08-05;1
;46;511;2022-07-24;1
;41;562;2022-07-20;1
;441;476;2024-03-02;1
;350;892;2023-08-06;1
;63;508;2023-05-05;1
;141;964;2023-10-10;1
;479;301;2023-07-09;1
;349;935;2022-07-11;1
;491;139;2022-07-31;1
;266;486;2022-05-12;1
;426;82;2022-11-04;1
;10;172;2022-05-05;1
;232;400;2022-10-02;1
;126;67;2023-06-19;1
;117;498;2022-09-03;1
;117;750;2023-12-22;1
;270;259;2024-01-14;1
;308;593;2022-04-25;1
;124;617;2023-03-08;1
;483;965;2022-05-19;1
;26;794;2022-07-30;1
;426;817;2023-09-17;1
;422;447;2023-06-27;1
;248;959;2022-05-31;1
;259;880;2023-10-28;1
;455;546;2023-02-01;1
;450;349;2023-06-23;1
;202;712;2023-06-12;1
;420;39;2022-11-15;1
;380;349;2023-07-03;1
;6;77;2023-09-10;1
;465;300;2023-09-24;1
;213;802;2022-09-25;1
;278;971;2023-05-04;1
;187;10;2023-09-30;1
;427;363;2024-02-05;1
;270;235;2023-09-28;1
;390;678;2022-09-25;1
;93;859;2022-10-21;1
;50;361;2022-04-11;1
;256;957;2023-07-11;1
;2;830;2024-01-08;1
;131;550;2022-12-18;1
;152;796;2022-06-12;1
;262;798;2023-06-04;1
;411;630;2022-12-13;1
;472;153;2022-09-03;1
;465;711;2023-04-02;1
;457;747;2024-02-02;1
;421;996;2022-06-25;1
;65;871;2023-06-30;1
;337;714;2023-05-02;1
;491;24;2023-08-14;1
;221;509;2023-02-20;1
;389;337;2024-02-20;1
;340;661;2022-09-18;1
;11;163;2023-10-03;1
;439;953;2022-12-24;1
;71;763;2023-11-23;1
;308;232;2023-06-02;1
;359;299;2024-03-18;1
;303;517;2022-04-05;1
;478;151;2023-04-27;1
;46;156;2024-02-20;1
;27;782;2022-08-22;1
;344;260;2022-08-27;1
;449;219;2022-06-26;1
;171;290;2023-05-27;1
;119;663;2023-03-25;1
;44;755;2022-08-04;1
;113;207;2022-11-13;1
;265;752;2024-01-13;1
;443;442;2022-08-07;1
;72;225;2022-10-29;1
;203;16;2022-09-23;1
;230;881;2023-03-27;1
;6;178;2023-10-29;1
;167;473;2022-04-20;1
;473;466;2023-06-05;1
;200;931;2023-05-16;1
;186;381;2023-03-27;1
;459;119;2023-12-02;1
;54;974;2023-05-01;1
;405;607;2023-09-01;1
;88;125;2023-11-30;1
;353;601;2022-05-26;1
;239;369;2022-07-23;1
;487;635;2023-11-16;1
;417;791;2022-10-22;1
;7;236;2024-03-13;1
;209;422;2022-04-26;1
;406;105;2022-10-15;1
;268;472;2023-03-09;1
;83;95;2022-11-12;1
;134;917;2023-02-15;1
;80;370;2023-03-31;1
;371;373;2024-02-15;1
;116;976;2024-02-08;1
;415;594;2022-11-24;1
;35;145;2022-11-27;1
;457;823;2023-07-30;1
;499;268;2023-10-03;1
;117;859;2023-04-19;1
;316;837;2022-12-17;1
;80;898;2023-03-03;1
;333;71;2022-09-26;1
;448;586;2022-05-22;1
;326;620;2023-08-18;1
;308;80;2022-04-14;1
;117;195;2022-04-17;1
;388;647;2023-05-26;1
;322;449;2023-03-25;1
;246;42;2023-11-13;1
;462;843;2023-11-14;1
;227;519;2023-05-16;1
;372;114;2022-08-27;1
;149;935;2023-05-29;1
;311;644;2023-11-21;1
;8;4;2022-11-11;1
;337;790;2023-06-25;1
;457;478;2023-01-01;1
;187;348;2023-11-01;1
;214;30;2022-03-25;1
;241;996;2023-09-20;1
;381;761;2022-07-14;1
;487;571;2023-09-02;1
;152;316;2022-09-14;1
;292;868;2023-10-28;1
;141;72;2024-03-03;1
;359;927;2023-12-08;1
;366;110;2023-11-06;1
;92;580;2023-04-11;1
;137;204;2023-06-08;1
;373;996;2023-08-15;1
;209;958;2023-11-25;1
;80;117;2022-04-11;1
;230;679;2022-08-26;1
;472;666;2022-06-28;1
;207;378;2023-10-10;1
;261;769;2023-04-01;1
;272;817;2023-07-16;1
;487;988;2023-08-23;1
;314;9;2022-09-10;1
;97;379;2023-10-20;1
;493;832;2023-09-07;1
;231;996;2022-06-07;1
;110;939;2022-11-22;1
;169;542;2022-06-26;1
;188;880;2023-03-27;1
;86;461;2022-12-24;1
;369;782;2022-05-29;1
;408;775;2024-02-21;1
;412;690;2023-11-08;1
;413;678;2023-10-10;1
;38;679;2022-12-31;1
;233;115;2023-06-29;1
;161;624;2023-12-15;1
;439;603;2024-03-08;1
;286;388;2022-05-27;1
;71;284;2022-04-08;1
;121;386;2022-11-14;1
;430;168;2022-09-27;1
;483;35;2024-02-13;1
;480;114;2023-09-30;1
;499;62;2024-02-05;1
;216;688;2024-03-14;1
;19;778;2023-10-21;1
;61;981;2022-10-21;1
;474;569;2023-01-26;1
;344;89;2023-02-09;1
;347;253;2022-11-14;1
;65;525;2022-06-13;1
;295;138;2023-09-23;1
;200;360;2022-10-31;1
;70;433;2024-01-28;1
;143;605;2022-12-28;1
;370;519;2022-06-27;1
;458;565;2023-08-17;1
;301;256;2022-08-26;1
;196;85;2023-02-27;1
;356;738;2022-09-17;1
;51;388;2023-10-08;1
;348;223;2022-09-27;1
;61;507;2023-09-13;1
;152;562;2023-05-03;1
;333;494;2022-10-18;1
;232;557;2023-01-04;1
;102;807;2022-06-18;1
;395;139;2023-12-31;1
;131;341;2023-10-23;1
;403;756;2022-07-02;1
;476;304;2022-05-10;1
;327;72;2023-08-02;1
;238;178;2023-04-03;1
;134;171;2024-01-30;1
;384;113;2024-02-11;1
;270;434;2023-11-17;1
;243;70;2022-03-21;1
;87;844;2024-02-22;1
;143;514;2022-08-14;1
;198;253;2023-03-21;1
;344;220;2023-09-29;1
;182;595;2023-11-15;1
;331;834;2022-11-01;1
;240;859;2023-12-06;1
;172;6;2023-09-02;1
;191;587;2023-09-09;1
;385;16;2022-07-28;1
;309;121;2023-11-04;1
;28;223;2023-10-17;1
;416;870;2022-05-30;1
;184;905;2023-02-09;1
;391;353;2022-12-12;1
;285;315;2022-09-20;1
;35;157;2024-02-08;1
;408;594;2022-11-26;1
;288;627;2023-05-19;1
;314;77;2022-05-31;1
;301;989;2023-04-26;1
;456;69;2023-09-23;1
;193;764;2023-03-30;1
;21;394;2024-02-01;1
;185;430;2022-11-26;1
;473;167;2024-02-18;1
;177;987;2024-02-25;1
;41;984;2023-07-21;1
;445;616;2022-05-30;1
;78;230;2023-09-04;1
;23;983;2023-09-10;1
;168;334;2023-06-10;1
;360;474;2023-09-22;1
;75;399;2022-10-28;1
;425;70;2024-03-15;1
;101;828;2023-06-03;1
;415;776;2022-12-03;1
;347;315;2023-04-11;1
;170;77;2022-09-03;1
;238;23;2022-05-20;1
;90;309;2024-01-30;1
;122;951;2023-06-15;1
;187;130;2023-12-11;1
;176;226;2024-03-04;1
;494;761;2022-09-19;1
;283;764;2023-10-31;1
;95;396;2023-05-03;1
;350;913;2023-12-13;1
;119;861;2023-06-14;1
;338;507;2023-09-05;1
;233;64;2023-12-12;1
;73;673;2023-12-19;1
;71;217;2022-12-26;1
;412;358;2022-04-21;1
;202;935;2023-05-16;1
;467;502;2023-08-08;1
;121;603;2022-04-20;1
;236;342;2023-09-21;1
;414;692;2024-03-03;1
;271;305;2024-01-27;1
;403;262;2023-03-26;1
;60;210;2022-11-14;1
;141;540;2023-04-28;1
;97;516;2022-11-18;1
;150;592;2022-06-29;1
;355;148;2022-04-08;1
;211;585;2022-12-12;1
;326;982;2022-07-28;1
;12;137;2023-12-14;1
;235;834;2024-02-05;1
;401;366;2023-03-20;1
;282;398;2022-11-14;1
;190;878;2023-08-11;1
;229;609;2023-05-11;1
;225;305;2022-06-11;1
;11;601;2022-10-12;1
;284;37;2022-11-17;1
;391;790;2022-08-11;1
;259;660;2022-08-19;1
;11;895;2024-02-09;1
;293;993;2023-04-17;1
;287;525;2022-12-12;1
;92;176;2022-10-24;1
;419;784;2023-11-11;1
;496;402;2022-04-10;1
;328;697;2023-11-01;1
;239;842;2022-06-03;1
;92;310;2022-04-25;1
;295;451;2024-01-28;1
;187;180;2024-01-01;1
;344;100;2023-11-11;1
;261;564;2023-05-19;1
;148;569;2022-08-25;1
;7;759;2022-04-29;1
;262;358;2023-02-24;1
;226;353;2023-10-17;1
;116;192;2022-09-06;1
;330;239;2022-08-22;1
;305;733;2022-04-03;1
;474;954;2023-09-09;1
;384;135;2024-01-19;1
;287;348;2022-04-27;1
;309;402;2023-11-19;1
;77;754;2023-06-14;1
;400;908;2022-08-07;1
;91;463;2023-10-19;1
;396;495;2023-01-04;1
;195;912;2022-05-19;1
;27;945;2023-06-24;1
;224;339;2023-03-11;1
;91;216;2023-01-19;1
;102;369;2023-07-28;1
;228;466;2022-09-15;1
;131;824;2023-09-11;1
;471;416;2022-10-21;1
;396;697;2023-01-03;1
;334;806;2022-03-28;1
;250;535;2023-03-19;1
;139;529;2023-06-04;1
;262;924;2023-12-16;1
;314;361;2023-11-25;1
;258;743;2022-09-19;1
;125;897;2023-10-11;1
;234;422;2023-05-05;1
;236;528;2023-10-06;1
;384;646;2023-03-09;1
;119;774;2022-03-24;1
;493;633;2022-10-06;1
;359;876;2023-04-12;1
;471;673;2023-10-07;1
;405;879;2022-04-23;1
;190;526;2023-08-03;1
;93;827;2023-07-13;1
;197;152;2024-02-17;1
;369;596;2022-06-24;1
;450;304;2023-12-07;1
;7;308;2023-01-28;1
;10;662;2022-04-17;1
;442;848;2023-05-03;1
;438;977;2022-05-15;1
;52;32;2023-10-29;1
;335;922;2022-07-19;1
;220;245;2023-06-10;1
;271;831;2023-11-23;1
;105;22;2023-02-04;1
;66;626;2023-04-16;1
;129;312;2023-09-03;1
;371;771;2022-12-21;1
;6;305;2024-02-16;1
;430;36;2022-03-30;1
;317;668;2022-08-16;1
;70;330;2022-06-14;1
;275;740;2022-08-19;1
;62;18;2022-11-17;1
;75;2;2023-10-05;1
;199;921;2022-10-16;1
;288;791;2023-10-15;1
;449;847;2022-10-15;1
;155;531;2024-03-16;1
;70;379;2023-08-23;1
;365;535;2023-04-03;1
;47;257;2022-05-22;1
;297;523;2023-08-20;1
;272;769;2023-11-07;1
;416;891;2023-07-31;1
;3;487;2023-07-11;1
;59;508;2023-11-19;1
;494;956;2022-12-08;1
;251;506;2022-06-22;1
;317;837;2023-04-29;1
;55;993;2023-08-06;1
;88;422;2022-07-01;1
;226;935;2023-01-14;1
;21;925;2022-05-03;1
;236;725;2024-03-04;1
;120;496;2022-03-26;1
;365;992;2022-04-12;1
;165;610;2022-10-21;1
;176;283;2022-07-03;1
;19;715;2022-07-13;1
;310;851;2023-02-03;1
;275;82;2022-11-12;1
;38;461;2022-11-26;1
;292;914;2022-10-20;1
;62;451;2022-05-13;1
;162;407;2023-04-25;1
;333;811;2023-11-29;1
;392;405;2024-02-12;1
;262;80;2023-01-09;1
;419;594;2022-04-26;1
;470;396;2022-06-08;1
;88;745;2024-03-08;1
;433;770;2023-01-06;1
;37;102;2022-05-29;1
;236;151;2022-06-15;1
;79;676;2022-10-13;1
;236;690;2023-04-30;1
;408;122;2022-10-27;1
;319;431;2024-01-05;1
;220;47;2023-01-24;1
;42;670;2022-06-20;1
;113;868;2023-03-07;1
;248;874;2022-06-20;1
;430;827;2022-12-04;1
;250;484;2024-01-21;1
;400;751;2023-03-01;1
;5;54;2023-11-27;1
;494;743;2024-02-23;1
;237;186;2022-08-29;1
;475;408;2023-12-15;1
;73;230;2022-10-14;1
;335;196;2022-10-19;1
;411;127;2023-07-27;1
;175;844;2022-04-04;1
;149;537;2023-11-13;1
;490;919;2022-10-23;1
;172;311;2022-06-06;1
;130;506;2022-12-09;1
;100;182;2022-06-14;1
;485;462;2024-02-26;1
;213;3;2023-04-12;1
;261;9;2023-12-17;1
;132;317;2023-01-08;1
;197;24;2024-02-04;1
;280;960;2022-07-21;1
;371;599;2023-11-29;1
;155;852;2023-05-07;1
;325;485;2023-01-04;1
;185;950;2022-06-23;1
;430;711;2023-12-18;1
;360;560;2022-05-20;1
;95;866;2022-05-30;1
;124;355;2022-03-22;1
;337;993;2023-05-21;1
;125;349;2024-03-13;1
;35;749;2022-07-09;1
;264;474;2024-02-21;1
;464;865;2023-09-12;1
;314;684;2023-03-13;1
;155;828;2022-11-03;1
;224;908;2023-03-15;1
;274;216;2023-09-17;1
;412;365;2022-04-27;1
;201;162;2024-02-07;1
;126;265;2022-09-23;1
;416;80;2023-11-24;1
;98;572;2023-02-09;1
;270;247;2024-01-24;1
;176;26;2022-07-07;1
;199;35;2023-07-10;1
;454;318;2023-09-06;1
;242;607;2023-11-21;1
;483;668;2023-01-07;1
;226;805;2023-10-30;1
;27;930;2023-11-04;1
;171;389;2022-11-11;1
;449;501;2022-05-27;1
;47;967;2023-09-05;1
;93;936;2023-03-07;1
;117;273;2023-11-15;1
;191;350;2024-01-01;1
;245;757;2023-05-12;1
;81;759;2023-08-23;1
;195;205;2022-09-01;1
;477;874;2024-01-08;1
;95;412;2022-07-05;1
;2;714;2022-06-08;1
;5;429;2022-11-20;1
;175;667;2023-01-26;1
;194;665;2023-09-13;1
;337;962;2023-12-17;1
;39;199;2022-11-09;1
;293;155;2024-02-06;1
;302;17;2022-08-29;1
;499;522;2022-12-06;1
;218;118;2023-05-19;1
;294;705;2022-10-24;1
;370;344;2023-08-06;1
;387;399;2022-10-20;1
;432;297;2023-06-15;1
;493;526;2023-07-22;1
;200;242;2023-10-02;1
;122;552;2022-12-14;1
;279;985;2023-02-01;1
;147;233;2023-03-06;1
;101;732;2023-08-21;1
;218;814;2023-02-11;1
;64;986;2023-01-26;1
;239;129;2023-07-06;1
;307;822;2024-03-12;1
;152;166;2022-11-27;1
;140;309;2023-08-15;1
;43;922;2022-08-23;1
;455;184;2023-01-29;1
;120;479;2023-09-21;1
;134;488;2023-10-05;1
;343;484;2023-10-30;1
;396;955;2022-07-20;1
;105;836;2023-06-23;1
;377;687;2023-05-14;1
;475;882;2022-08-03;1
;282;691;2023-09-05;1
;258;822;2022-12-29;1
;13;902;2023-01-21;1
;359;947;2022-10-10;1
;378;825;2022-10-12;1
;298;928;2023-03-13;1
;487;26;2022-10-01;1
;288;545;2022-10-27;1
;427;123;2022-04-17;1
;21;494;2022-07-29;1
;463;262;2023-05-07;1
;348;44;2022-08-25;1
;208;613;2022-08-06;1
;105;223;2024-03-09;1
;83;867;2022-05-11;1
;43;879;2023-04-03;1
;219;323;2022-05-29;1
;68;572;2023-08-04;1
;51;694;2023-05-27;1
;90;590;2024-03-02;1
;17;109;2024-02-23;1
;198;43;2022-09-30;1
;267;611;2022-08-26;1
;205;563;2022-12-17;1
;105;818;2022-03-29;1
;409;264;2024-01-19;1
;326;790;2022-05-21;1
;483;21;2023-01-11;1
;73;855;2022-05-06;1
;192;363;2022-12-24;1
;125;23;2023-08-16;1
;371;785;2023-02-16;1
;252;805;2024-02-02;1
;389;861;2023-08-15;1
;422;819;2022-03-21;1
;472;524;2023-12-01;1
;325;663;2023-12-22;1
;287;939;2023-05-07;1
;71;500;2022-08-23;1
;219;856;2022-10-25;1
;49;847;2023-02-17;1
;232;991;2022-04-19;1
;201;731;2022-08-24;1
;250;17;2022-10-15;1
;152;873;2024-02-04;1
;190;179;2023-03-01;1
;83;737;2022-10-23;1
;29;406;2023-10-16;1
;253;93;2023-12-05;1
;344;220;2022-04-11;1
;328;656;2023-06-09;1
;140;565;2023-05-23;1
;268;813;2023-11-09;1
;256;910;2022-09-18;1
;101;57;2022-06-13;1
;363;915;2022-08-10;1
;298;12;2023-01-27;1
;500;640;2022-07-18;1
;79;488;2022-11-07;1
;100;529;2022-08-28;1
;231;473;2023-01-12;1
;349;856;2022-07-12;1
;454;869;2022-09-09;1
;365;794;2023-08-05;1
;498;804;2022-04-26;1
;240;569;2024-01-08;1
;217;151;2023-02-19;1
;76;813;2022-10-23;1
;115;256;2022-10-24;1
;386;661;2023-07-10;1
;187;888;2023-09-05;1
;434;999;2022-07-27;1
;420;502;2023-09-07;1
;474;915;2022-11-08;1
;10;230;2022-08-06;1
;447;140;2023-11-13;1
;459;463;2023-11-23;1
;407;188;2023-03-21;1
;45;631;2023-07-14;1
;16;973;2023-08-06;1
;107;391;2022-10-21;1
;360;955;2024-03-16;1
;306;814;2022-11-30;1
;347;204;2023-04-28;1
;256;957;2023-12-31;1
;356;358;2022-12-22;1
;35;222;2023-06-14;1
;3;586;2023-09-24;1
;436;241;2023-06-26;1
;12;804;2023-11-01;1
;397;743;2023-11-15;1
;114;441;2023-05-20;1
;428;186;2023-07-31;1
;480;42;2022-09-16;1
;282;875;2023-12-08;1
;141;706;2023-04-15;1
;412;807;2022-07-05;1
;393;856;2022-07-22;1
;99;492;2023-07-23;1
;20;863;2022-12-20;1
;304;811;2022-08-16;1
;189;119;2022-05-01;1
;305;493;2024-03-16;1
;334;910;2022-11-19;1
;413;449;2023-04-06;1
;267;892;2024-02-09;1
;300;643;2023-05-27;1
;336;583;2023-11-09;1
;460;152;2023-12-19;1
;128;882;2022-06-07;1
;50;580;2023-02-18;1
;157;910;2023-09-04;1
;88;277;2022-05-18;1
;9;542;2023-10-24;1
;400;962;2023-07-06;1
;299;79;2023-05-17;1
;291;481;2024-01-19;1
;399;818;2022-12-25;1
;215;374;2022-05-26;1
;119;848;2023-10-17;1
;427;400;2022-04-26;1
;47;22;2023-12-29;1
;372;797;2022-09-02;1
;412;717;2023-07-29;1
;374;835;2022-04-16;1
;313;917;2023-04-09;1
;106;777;2023-02-21;1
;155;604;2023-04-14;1
;316;794;2023-03-30;1
;206;262;2022-06-20;1
;157;226;2023-08-07;1
;308;50;2023-07-02;1
;306;843;2023-08-20;1
;118;576;2022-09-28;1
;210;585;2023-04-10;1
;418;784;2023-04-30;1
;40;795;2023-06-06;1
;271;808;2023-04-28;1
;404;899;2022-09-21;1
;401;181;2022-10-14;1
;108;344;2023-12-10;1
;172;550;2022-11-28;1
;338;559;2024-01-29;1
;281;675;2023-05-09;1
;35;877;2022-12-21;1
;166;46;2022-07-17;1
;105;418;2022-08-24;1
;199;869;2024-01-03;1
;82;433;2023-09-06;1
;184;275;2022-10-11;1
;458;983;2023-09-10;1
;14;17;2022-08-12;1
;337;46;2022-12-22;1
;238;113;2023-06-16;1
;349;107;2023-05-20;1
;251;641;2022-09-26;1
;242;182;2022-10-10;1
;46;270;2022-12-24;1
;66;311;2024-03-16;1
;442;116;2023-10-11;1
;181;446;2022-04-24;1
;99;24;2023-06-28;1
;191;100;2022-12-12;1
;157;395;2023-11-12;1
;96;952;2023-10-16;1
;374;812;2022-11-25;1
;53;961;2023-06-22;1
;477;731;2023-07-16;1
;45;955;2023-12-27;1
;492;262;2024-02-04;1
;479;362;2023-09-23;1
;485;312;2023-06-14;1
;112;523;2022-12-25;1
;84;236;2023-02-07;1
;251;772;2022-09-15;1
;94;998;2022-03-21;1
;234;35;2023-07-12;1
;202;192;2023-11-23;1
;11;277;2023-01-18;1
;216;129;2023-12-10;1
;269;925;2023-11-19;1
;121;801;2023-05-20;1
;99;115;2022-12-24;1
;132;727;2022-03-29;1
;386;162;2022-11-25;1
;371;215;2022-10-04;1
;342;626;2022-07-04;1
;320;311;2024-02-01;1
;290;926;2023-10-31;1
;39;704;2023-12-14;1
;248;603;2024-02-22;1
;440;705;2023-12-01;1
;438;932;2023-04-03;1
;77;269;2022-11-14;1
;434;232;2024-03-09;1
;23;312;2022-09-11;1
;447;42;2023-05-07;1
;253;255;2022-05-17;1
;182;117;2022-08-06;1
;70;799;2023-02-18;1
;278;303;2022-11-23;1
;315;499;2022-11-18;1
;173;758;2024-03-15;1
;83;56;2022-12-27;1
;344;654;2023-03-17;1
;212;569;2024-01-22;1
;120;191;2022-12-27;1
;464;399;2023-07-10;1
;55;482;2023-06-03;1
;175;293;2022-04-09;1
;208;301;2022-10-25;1
;497;677;2023-10-07;1
;309;134;2022-06-20;1
;470;644;2022-07-17;1
;363;971;2023-02-13;1
;469;283;2022-04-22;1
;53;408;2023-03-10;1
;261;599;2022-07-11;1
;341;848;2022-05-29;1
;33;685;2024-03-02;1
;118;142;2024-01-24;1
;325;390;2023-06-17;1
;239;687;2024-01-14;1
;256;33;2024-01-07;1
;241;56;2023-11-23;1
;175;320;2022-07-15;1
;140;696;2024-03-16;1
;133;186;2023-09-26;1
;369;62;2022-10-08;1
;331;494;2023-04-16;1
;469;225;2022-10-22;1
;217;728;2023-02-16;1
;56;938;2023-05-12;1
;149;123;2022-07-12;1
;60;921;2023-04-08;1
;376;989;2022-05-30;1
;397;879;2023-12-14;1
;381;806;2022-07-22;1
;352;993;2022-10-23;1
;163;557;2022-11-13;1
;104;371;2023-03-26;1
;244;693;2022-04-15;1
;417;55;2023-08-27;1
;63;750;2023-08-31;1
;59;939;2022-10-20;1
;241;972;2023-09-19;1
;348;471;2022-03-23;1
;46;66;2022-03-27;1
;92;566;2022-06-21;1
;128;716;2023-09-13;1
;148;827;2022-04-16;1
;48;887;2023-09-09;1
;200;300;2023-12-24;1
;420;962;2023-12-05;1
;264;157;2023-06-05;1
;271;766;2024-01-11;1
;133;327;2024-01-24;1
;337;490;2022-08-14;1
;254;26;2024-03-05;1
;415;701;2022-09-16;1
;389;298;2022-12-04;1
;56;865;2022-07-10;1
;435;388;2023-12-26;1
;421;980;2023-06-02;1
;426;681;2022-09-21;1
;59;233;2022-10-10;1
;98;346;2022-09-17;1
;481;476;2023-10-22;1
;334;65;2022-11-10;1
;433;157;2023-10-18;1
;59;497;2023-11-28;1
;365;943;2023-11-22;1
;148;631;2022-11-07;1
;9;207;2023-12-24;1
;285;364;2023-09-27;1
;230;597;2022-08-17;1
;13;657;2024-02-14;1
;238;511;2023-10-17;1
;39;57;2022-08-06;1
;260;4;2022-11-22;1
;113;562;2023-01-10;1
;244;11;2022-04-27;1
;420;742;2023-11-27;1
;288;325;2023-10-27;1
;358;696;2023-04-18;1
;179;700;2022-04-09;1
;148;916;2023-02-25;1
;414;424;2023-06-08;1
;359;139;2022-11-29;1
;64;714;2023-06-17;1
;12;303;2023-06-16;1
;277;81;2024-02-22;1
;101;83;2022-07-11;1
;302;704;2023-07-30;1
;253;471;2022-06-18;1
;406;671;2023-12-28;1
;477;382;2023-08-08;1
;191;334;2023-07-09;1
;251;727;2022-09-25;1
;494;991;2023-01-19;1
;328;529;2022-08-23;1
;135;57;2022-08-15;1
;149;794;2023-12-22;1
;167;151;2022-07-06;1
;473;407;2023-12-25;1
;201;98;2023-08-22;1
;330;38;2023-05-28;1
;161;640;2023-04-26;1
;161;897;2022-04-14;1
;66;879;2024-03-17;1
;163;346;2024-01-11;1
;464;699;2023-06-26;1
;338;755;2023-05-10;1
;108;793;2023-06-27;1
;423;984;2023-01-18;1
;339;282;2022-05-06;1
;31;583;2022-08-20;1
;54;591;2022-07-25;1
;358;330;2023-03-29;1
;52;908;2023-08-14;1
;74;398;2023-02-06;1
;325;684;2023-07-31;1
;383;732;2023-03-02;1
;332;788;2023-07-11;1
;70;638;2023-06-23;1
;320;934;2023-04-07;1
;87;890;2022-07-28;1
;366;56;2023-04-06;1
;355;953;2023-01-17;1
;202;177;2022-12-13;1
;73;237;2023-04-17;1
;224;21;2022-04-19;1
;47;225;2023-12-11;1
;26;469;2023-08-19;1
;306;57;2023-10-09;1
;409;626;2023-05-06;1
;390;717;2024-02-21;1
;383;620;2022-10-19;1
;286;429;2024-02-15;1
;445;620;2024-03-16;1
;272;349;2023-04-05;1
;337;329;2023-04-11;1
;198;962;2024-03-16;1
;55;452;2022-12-09;1
;56;902;2022-07-24;1
;313;742;2023-04-18;1
;410;534;2022-10-27;1
;207;330;2023-09-04;1
;466;645;2023-11-02;1
;341;868;2022-12-11;1
;256;524;2023-11-05;1
;496;484;2023-02-12;1
;489;521;2022-05-03;1
;122;131;2023-03-10;1
;18;492;2022-05-24;1
;486;490;2023-04-29;1
;489;604;2022-08-01;1
;388;661;2023-03-30;1
;482;186;2022-08-22;1
;276;169;2023-04-21;1
;84;401;2022-04-22;1
;22;317;2023-02-27;1
;144;864;2022-08-23;1
;240;915;2023-01-03;1
;385;329;2023-08-13;1
;177;667;2024-02-22;1
;218;457;2022-04-27;1
;400;382;2022-04-15;1
;483;575;2023-01-03;1
;270;472;2023-06-05;1
;186;957;2023-06-05;1
;52;499;2023-01-17;1
;72;614;2022-11-06;1
;36;259;2023-09-22;1
;22;643;2024-02-26;1
;340;418;2022-10-07;1
;115;944;2024-01-25;1
;217;590;2023-12-22;1
;28;412;2022-12-21;1
;324;58;2022-09-17;1
;347;587;2022-03-29;1
;230;532;2022-12-06;1
;348;108;2023-05-05;1
;107;304;2023-07-02;1
;76;448;2022-08-16;1
;368;29;2022-08-18;1
;149;468;2022-12-24;1
;14;642;2022-10-30;1
;166;736;2023-03-29;1
;191;748;2023-01-10;1
;63;273;2023-09-15;1
;51;964;2022-10-04;1
;183;316;2022-06-25;1
;36;43;2023-04-19;1
;218;746;2022-04-04;1
;393;214;2023-11-21;1
;348;368;2023-12-24;1
;15;943;2024-03-03;1
;440;26;2023-07-20;1
;127;571;2022-09-12;1
;269;122;2023-07-27;1
;466;899;2023-10-23;1
;291;862;2022-08-23;1
;381;142;2023-09-26;1
;322;738;2023-01-21;1
;67;900;2022-11-10;1
;487;690;2023-07-01;1
;483;983;2022-04-10;1
;252;645;2024-03-01;1
;63;156;2022-04-02;1
;215;245;2023-05-30;1
;204;251;2023-03-02;1
;490;906;2023-12-13;1
;200;18;2023-08-09;1
;472;657;2023-02-28;1
;199;291;2022-08-29;1
;230;331;2022-07-15;1
;267;981;2023-02-15;1
;307;835;2023-09-01;1
;5;642;2022-10-14;1
;14;932;2023-12-19;1
;348;156;2023-04-20;1
;82;473;2023-01-16;1
;264;930;2024-02-01;1
;191;62;2022-04-25;1
;278;68;2023-03-30;1
;277;64;2023-08-08;1
;297;881;2023-09-25;1
;450;514;2022-12-10;1
;65;540;2024-01-21;1
;3;883;2023-01-06;1
;400;502;2023-05-29;1
;140;801;2023-04-05;1
;238;665;2023-01-10;1
;155;955;2023-04-13;1
;11;606;2022-11-27;1
;406;190;2023-12-22;1
;233;492;2022-11-18;1
;76;876;2024-03-12;1
;328;299;2022-10-01;1
;334;722;2022-10-11;1
;80;231;2023-07-15;1
;327;99;2023-11-13;1
;257;379;2023-08-11;1
;454;745;2024-02-28;1
;453;76;2023-10-09;1
;340;508;2023-04-18;1
;209;192;2024-02-25;1
;11;651;2022-07-12;1
;381;399;2023-01-12;1
;136;128;2023-07-01;1
;147;705;2023-05-17;1
;4;508;2023-03-09;1
;485;252;2023-02-09;1
;396;355;2022-04-02;1
;298;898;2024-02-15;1
;329;428;2022-08-23;1
;284;629;2022-10-06;1
;452;504;2022-11-27;1
;107;33;2023-10-23;1
;490;146;2022-10-13;1
;199;829;2022-11-09;1
;295;794;2023-02-26;1
;60;455;2023-10-25;1
;272;750;2023-06-18;1
;107;637;2023-08-24;1
;189;568;2022-09-25;1
;226;998;2023-01-21;1
;233;538;2023-01-21;1
;2;410;2023-02-04;1
;485;875;2023-06-26;1
;405;503;2023-08-25;1
;135;181;2022-06-29;1
;451;46;2023-10-18;1
;3;225;2022-04-14;1
;368;842;2022-04-09;1
;486;84;2023-05-19;1
;370;967;2024-01-10;1
;169;667;2022-08-08;1
;349;809;2022-12-17;1
;373;473;2024-02-27;1
;186;111;2022-10-07;1
;422;37;2022-09-04;1
;415;120;2023-08-18;1
;103;900;2022-08-08;1
;193;82;2023-07-06;1
;402;727;2024-01-17;1
;336;580;2023-07-03;1
;249;828;2023-01-08;1
;461;638;2023-04-12;1
;352;507;2022-08-06;1
;123;758;2023-02-17;1
;204;56;2022-12-15;1
;297;453;2023-05-24;1
;309;838;2022-07-07;1
;139;514;2022-04-25;1
;2;589;2024-01-11;1
;464;211;2024-02-09;1
;426;843;2023-07-01;1
;499;907;2023-09-24;1
;75;796;2023-10-05;1
;175;370;2023-03-29;1
;191;929;2024-02-15;1
;400;181;2024-02-05;1
;191;105;2023-11-18;1
;82;955;2023-04-10;1
;117;993;2023-07-13;1
;270;952;2022-10-14;1
;260;960;2022-12-12;1
;256;93;2022-10-18;1
;401;236;2023-12-16;1
;143;974;2023-10-01;1
;50;237;2023-08-07;1
;493;911;2023-08-04;1
;233;883;2022-05-06;1
;263;5;2022-11-16;1
;174;157;2022-08-12;1
;450;246;2024-01-31;1
;391;269;2022-04-05;1
;412;842;2022-09-22;1
;330;840;2022-07-11;1
;183;371;2023-11-23;1
;264;627;2023-12-28;1
;277;490;2022-05-02;1
;480;96;2023-08-25;1
;62;262;2023-04-05;1
;70;945;2023-10-15;1
;23;614;2022-09-25;1
;454;868;2022-04-23;1
;137;92;2023-03-27;1
;400;448;2023-10-20;1
;371;578;2023-09-29;1
;482;370;2023-08-01;1
;263;973;2022-11-15;1
;423;849;2023-05-16;1
;117;396;2022-06-19;1
;243;742;2022-06-17;1
;128;67;2023-07-11;1
;413;971;2023-07-03;1
;435;287;2024-02-29;1
;395;784;2023-02-06;1
;61;579;2022-10-30;1
;258;481;2024-02-18;1
;444;520;2022-05-27;1
;237;156;2022-07-26;1
;465;713;2023-09-07;1
;416;374;2023-05-05;1
;56;342;2023-05-18;1
;27;956;2022-06-06;1
;204;291;2023-06-27;1
;461;488;2022-12-09;1
;111;162;2023-06-15;1
;330;85;2022-09-28;1
;115;161;2023-12-23;1
;451;237;2022-09-18;1
;108;611;2023-05-28;1
;396;24;2023-06-19;1
;278;532;2022-06-24;1
;212;655;2022-06-10;1
;207;125;2023-06-13;1
;145;461;2022-07-25;1
;14;315;2022-06-27;1
;312;23;2022-05-05;1
;103;391;2023-09-03;1
;49;951;2023-03-28;1
;211;597;2022-11-05;1
;324;311;2022-12-29;1
;202;515;2023-06-05;1
;334;603;2023-06-05;1
;88;696;2022-09-21;1
;438;649;2024-02-27;1
;268;703;2023-10-03;1
;210;847;2023-05-03;1
;238;652;2023-07-28;1
;179;890;2023-04-28;1
;253;89;2024-02-29;1
;71;629;2023-11-24;1
;420;514;2023-11-20;1
;30;374;2022-04-16;1
;174;796;2022-03-18;1
;403;414;2024-02-29;1
;107;932;2024-03-14;1
;303;512;2023-05-12;1
;49;810;2022-08-06;1
;136;386;2023-02-28;1
;6;5;2022-11-26;1
;11;571;2023-01-10;1
;392;357;2022-11-23;1
;292;332;2023-08-09;1
;135;841;2023-12-09;1
;98;581;2023-03-30;1
;285;543;2023-03-10;1
;331;772;2023-01-28;1
;210;188;2023-02-12;1
;245;387;2022-07-07;1
;119;390;2022-05-31;1
;300;293;2022-08-13;1
;97;730;2024-02-23;1
;354;118;2023-05-15;1
;293;669;2023-07-19;1
;418;71;2022-09-14;1
;318;856;2023-08-27;1
;286;419;2022-08-01;1
;57;230;2023-03-30;1
;290;550;2022-08-20;1
;126;980;2022-07-03;1
;269;146;2023-12-08;1
;109;67;2022-10-27;1
;194;578;2023-12-05;1
;248;110;2023-01-09;1
;111;753;2023-03-14;1
;428;847;2022-05-13;1
;393;835;2022-09-02;1
;354;690;2023-08-09;1
;491;757;2022-09-08;1
;296;717;2023-12-06;1
;235;88;2022-10-04;1
;418;572;2022-11-21;1
;257;818;2023-10-14;1
;319;686;2023-02-23;1
;158;364;2023-04-15;1
;118;461;2023-07-27;1
;156;286;2023-06-25;1
;15;595;2023-06-03;1
;69;783;2024-01-02;1
;288;966;2023-02-02;1
;371;754;2023-08-03;1